Url,MalScore,FirstSubmission,LastSubmission,LastAnalysis,VT_Link
http://guppu.pk/log/try.php,5,25/08/2022 13:30,03/04/2024 1:37,03/04/2024 1:37,https://www.virustotal.com/gui/url/aHR0cDovL2d1cHB1LnBrL2xvZy90cnkucGhw
http://mirzadihatti.com/css/try.php,11,18/10/2022 11:25,29/01/2025 13:11,29/01/2025 13:11,https://www.virustotal.com/gui/url/aHR0cDovL21pcnphZGloYXR0aS5jb20vY3NzL3RyeS5waHA
http://signalpremium.com/home/assets/Signal_Premium.apk,13,10/08/2022 7:33,10/08/2022 7:33,10/08/2022 7:33,https://www.virustotal.com/gui/url/aHR0cDovL3NpZ25hbHByZW1pdW0uY29tL2hvbWUvYXNzZXRzL1NpZ25hbF9QcmVtaXVtLmFwaw
http://94.140.114.22:41322,4,22/03/2022 22:08,19/01/2025 22:14,19/01/2025 22:14,https://www.virustotal.com/gui/url/aHR0cDovLzk0LjE0MC4xMTQuMjI6NDEzMjI
http://emshedulersvc.com/vc/vc,10,20/05/2022 1:50,16/01/2025 14:35,16/01/2025 14:35,https://www.virustotal.com/gui/url/aHR0cDovL2Vtc2hlZHVsZXJzdmMuY29tL3ZjL3Zj
http://diyefosterfeeds.com/csslogs/vis.php?st=WALKER-PC*WALKER,10,26/05/2022 15:54,26/05/2022 15:54,26/05/2022 15:54,https://www.virustotal.com/gui/url/aHR0cDovL2RpeWVmb3N0ZXJmZWVkcy5jb20vY3NzbG9ncy92aXMucGhwP3N0PVdBTEtFUi1QQypXQUxLRVI
http://m.huandocimama.com/JvQKLsTYuMe/xAexyBbnDxW/profiles.php?profiles=WALKER_PCWALKER,1,21/05/2022 3:10,21/05/2022 3:10,21/05/2022 3:10,https://www.virustotal.com/gui/url/aHR0cDovL20uaHVhbmRvY2ltYW1hLmNvbS9KdlFLTHNUWXVNZS94QWV4eUJibkR4Vy9wcm9maWxlcy5waHA_cHJvZmlsZXM9V0FMS0VSX1BDV0FMS0VS
http://193.142.58.186/UihbywscTZ/45Ugty845nv7rt.php,6,08/06/2022 3:29,03/04/2024 1:48,03/04/2024 1:48,https://www.virustotal.com/gui/url/aHR0cDovLzE5My4xNDIuNTguMTg2L1VpaGJ5d3NjVFovNDVVZ3R5ODQ1bnY3cnQucGhw
http://svc2mcxwave.net/UihbywscTZ/23Cdfr680nvc7g.php?info=18833,1,30/04/2021 5:45,30/04/2021 5:45,30/04/2021 5:45,https://www.virustotal.com/gui/url/aHR0cDovL3N2YzJtY3h3YXZlLm5ldC9VaWhieXdzY1RaLzIzQ2RmcjY4MG52YzdnLnBocD9pbmZvPTE4ODMz
http://193.142.58.186/UihbywscTZ/23Cdfr680nvc7g.php?info=14410,5,01/05/2021 2:49,03/02/2025 8:59,03/02/2025 8:59,https://www.virustotal.com/gui/url/aHR0cDovLzE5My4xNDIuNTguMTg2L1VpaGJ5d3NjVFovMjNDZGZyNjgwbnZjN2cucGhwP2luZm89MTQ0MTA
http://23.82.189.4/abch2wdo492.php?lapc8d=cldvz358q-kiir-nu5l-pkme-wkoyyxt2attcWALKER-PC,4,05/03/2022 3:31,03/02/2025 9:00,03/02/2025 9:00,https://www.virustotal.com/gui/url/aHR0cDovLzIzLjgyLjE4OS40L2FiY2gyd2RvNDkyLnBocD9sYXBjOGQ9Y2xkdnozNThxLWtpaXItbnU1bC1wa21lLXdrb3l5eHQyYXR0Y1dBTEtFUi1QQw
https://nymedsvcsystems.com/ntt/ss.msi,13,14/05/2022 16:09,15/05/2022 2:25,15/05/2022 2:25,https://www.virustotal.com/gui/url/aHR0cHM6Ly9ueW1lZHN2Y3N5c3RlbXMuY29tL250dC9zcy5tc2k
https://nymedsvcsystems.com/ntt/sa.msi,11,14/05/2022 16:09,14/05/2022 16:09,14/05/2022 16:09,https://www.virustotal.com/gui/url/aHR0cHM6Ly9ueW1lZHN2Y3N5c3RlbXMuY29tL250dC9zYS5tc2k
http://23.82.189.4/abch2wdo492.php?lapc8d=csygrq03h-5kaw-dvph-h3vi-46f9so9fge4wWALKER-PC,2,11/07/2022 17:13,11/07/2022 17:13,11/07/2022 17:13,https://www.virustotal.com/gui/url/aHR0cDovLzIzLjgyLjE4OS40L2FiY2gyd2RvNDkyLnBocD9sYXBjOGQ9Y3N5Z3JxMDNoLTVrYXctZHZwaC1oM3ZpLTQ2ZjlzbzlmZ2U0d1dBTEtFUi1QQw
http://72.11.134.216/autolan.php?l=WALKER-PC@b8ee9592-bef4-4880-8512-446d1ecff3d1@2020.05.25.165052@C,2,04/04/2023 15:16,05/01/2025 6:16,05/01/2025 6:16,https://www.virustotal.com/gui/url/aHR0cDovLzcyLjExLjEzNC4yMTYvYXV0b2xhbi5waHA_bD1XQUxLRVItUENAYjhlZTk1OTItYmVmNC00ODgwLTg1MTItNDQ2ZDFlY2ZmM2QxQDIwMjAuMDUuMjUuMTY1MDUyQEM
http://72.11.134.216/autolan.php?l=John-PC@xxxx1234-xx12-xx12-xx12-xxxxxx123456@2020.11.25.223817@E,1,02/12/2020 6:11,03/02/2025 9:00,03/02/2025 9:00,https://www.virustotal.com/gui/url/aHR0cDovLzcyLjExLjEzNC4yMTYvYXV0b2xhbi5waHA_bD1Kb2huLVBDQHh4eHgxMjM0LXh4MTIteHgxMi14eDEyLXh4eHh4eDEyMzQ1NkAyMDIwLjExLjI1LjIyMzgxN0BF
https://slrpnlcontrlintrface.com/,11,08/01/2022 4:50,02/09/2025 15:06,02/09/2025 15:06,https://www.virustotal.com/gui/url/aHR0cHM6Ly9zbHJwbmxjb250cmxpbnRyZmFjZS5jb20v
http://zhaodaolajiankang.com/csslogs/try.php?h=USER-PC*admin,13,17/09/2025 9:43,17/09/2025 9:43,17/09/2025 9:43,https://www.virustotal.com/gui/url/aHR0cDovL3poYW9kYW9sYWppYW5rYW5nLmNvbS9jc3Nsb2dzL3RyeS5waHA_aD1VU0VSLVBDKmFkbWlu
http://olmajhnservice.com/nxl/nx,12,06/09/2021 22:29,09/04/2025 11:43,09/04/2025 11:43,https://www.virustotal.com/gui/url/aHR0cDovL29sbWFqaG5zZXJ2aWNlLmNvbS9ueGwvbng
http://sbss.com.pk/gts/bd.msi,9,04/01/2022 6:46,13/01/2025 1:00,13/01/2025 1:00,https://www.virustotal.com/gui/url/aHR0cDovL3Nic3MuY29tLnBrL2d0cy9iZC5tc2k
http://subscribe.tomcruefrshsvc.com/VcvNbtgRrPopqSD/SzWvcxuer/sDeRcEwwQaAsSN.php,10,23/03/2022 1:58,23/03/2022 1:58,23/03/2022 1:58,https://www.virustotal.com/gui/url/aHR0cDovL3N1YnNjcmliZS50b21jcnVlZnJzaHN2Yy5jb20vVmN2TmJ0Z1JyUG9wcVNEL1N6V3ZjeHVlci9zRGVSY0V3d1FhQXNTTi5waHA
https://subscribe.tomcruefrshsvc.com/VcvNbtgRrPopqSD/SzWvcxuer/userlog.php,13,17/09/2025 10:01,17/09/2025 10:01,17/09/2025 10:01,https://www.virustotal.com/gui/url/aHR0cHM6Ly9zdWJzY3JpYmUudG9tY3J1ZWZyc2hzdmMuY29tL1Zjdk5idGdSclBvcHFTRC9Teld2Y3h1ZXIvdXNlcmxvZy5waHA
http://pns.org.pk/crt/xe,13,25/02/2022 10:31,21/08/2025 9:07,21/08/2025 9:07,https://www.virustotal.com/gui/url/aHR0cDovL3Bucy5vcmcucGsvY3J0L3hl
https://sbss.com.pk/gts/bd.msi,9,04/01/2022 6:46,02/05/2025 11:58,02/05/2025 11:58,https://www.virustotal.com/gui/url/aHR0cHM6Ly9zYnNzLmNvbS5way9ndHMvYmQubXNp
http://193.142.58.186:80,2,25/04/2021 21:21,13/09/2025 5:31,13/09/2025 5:31,https://www.virustotal.com/gui/url/aHR0cDovLzE5My4xNDIuNTguMTg2Ojgw
http://82.221.136.27///RguhsT/accept.php?a=XX&b=XX&c=XX&d=XX&e=,9,27/04/2021 14:32,27/04/2021 14:32,27/04/2021 14:32,https://www.virustotal.com/gui/url/aHR0cDovLzgyLjIyMS4xMzYuMjcvLy9SZ3Voc1QvYWNjZXB0LnBocD9hPVhYJmI9WFgmYz1YWCZkPVhYJmU9
http://45.11.19.170:34318,5,02/11/2021 6:32,03/02/2025 14:06,03/02/2025 14:06,https://www.virustotal.com/gui/url/aHR0cDovLzQ1LjExLjE5LjE3MDozNDMxOA
http://27.136.221.82.in-addr.arpa/RguhsT/accept.php?a=,0,25/02/2021 13:17,04/04/2023 15:16,04/04/2023 15:16,https://www.virustotal.com/gui/url/aHR0cDovLzI3LjEzNi4yMjEuODIuaW4tYWRkci5hcnBhL1JndWhzVC9hY2NlcHQucGhwP2E9
http://82.221.136.27/RguhsT/accept.php?a=,9,24/02/2021 12:50,25/04/2025 18:58,25/04/2025 18:58,https://www.virustotal.com/gui/url/aHR0cDovLzgyLjIyMS4xMzYuMjcvUmd1aHNUL2FjY2VwdC5waHA_YT0
https://jspsessionindex.com/jsp_sessionidHLD9823rye09YHDYDo8y32/Programmable%20Logic%20Control%20(PLC)%20System.zip,0,22/07/2020 11:08,22/07/2020 11:08,22/07/2020 11:08,https://www.virustotal.com/gui/url/aHR0cHM6Ly9qc3BzZXNzaW9uaW5kZXguY29tL2pzcF9zZXNzaW9uaWRITEQ5ODIzcnllMDlZSERZRG84eTMyL1Byb2dyYW1tYWJsZSUyMExvZ2ljJTIwQ29udHJvbCUyMChQTEMpJTIwU3lzdGVtLnppcA
https://hhwebmail.com/drc/,1,17/09/2025 9:50,17/09/2025 9:50,17/09/2025 9:50,https://www.virustotal.com/gui/url/aHR0cHM6Ly9oaHdlYm1haWwuY29tL2RyYy8
https://79.141.168.109:4975/,5,17/09/2025 8:23,17/09/2025 8:23,17/09/2025 8:23,https://www.virustotal.com/gui/url/aHR0cHM6Ly83OS4xNDEuMTY4LjEwOTo0OTc1Lw
https://hhwebmail.com/mfa/,4,22/09/2023 7:31,03/04/2024 5:58,03/04/2024 5:58,https://www.virustotal.com/gui/url/aHR0cHM6Ly9oaHdlYm1haWwuY29tL21mYS8
http://coremailxt5mainjsp.com/ps/sgrm.exe,14,01/09/2020 22:17,19/10/2023 18:41,19/10/2023 18:41,https://www.virustotal.com/gui/url/aHR0cDovL2NvcmVtYWlseHQ1bWFpbmpzcC5jb20vcHMvc2dybS5leGU
http://gongzuosousuo.net/healthne/accept.php?a=<MACHINE_NAME>&b=<MACHINE_NAME>&c=Microsoft%20Windows%20XP&d=<USER><USER>fabbc6a1-c573-4ea0-9ca1-50004b35a440165536040965860&e=,5,29/07/2019 8:01,05/12/2023 2:50,05/12/2023 2:50,https://www.virustotal.com/gui/url/aHR0cDovL2dvbmd6dW9zb3VzdW8ubmV0L2hlYWx0aG5lL2FjY2VwdC5waHA_YT08TUFDSElORV9OQU1FPiZiPTxNQUNISU5FX05BTUU-JmM9TWljcm9zb2Z0JTIwV2luZG93cyUyMFhQJmQ9PFVTRVI-PFVTRVI-ZmFiYmM2YTEtYzU3My00ZWEwLTljYTEtNTAwMDRiMzVhNDQwMTY1NTM2MDQwOTY1ODYwJmU9
http://lmhostsvc.net/healthne/accept.php?a=dori-PC&b=DORI-PC&c=Windows%207%20Ultimate&d=AdministratorAdministrator0c2fffe3-2bbf-4418-a252-fc560dbb8ee51565536040965860&e=,7,15/10/2019 8:49,25/11/2019 7:53,25/11/2019 7:53,https://www.virustotal.com/gui/url/aHR0cDovL2xtaG9zdHN2Yy5uZXQvaGVhbHRobmUvYWNjZXB0LnBocD9hPWRvcmktUEMmYj1ET1JJLVBDJmM9V2luZG93cyUyMDclMjBVbHRpbWF0ZSZkPUFkbWluaXN0cmF0b3JBZG1pbmlzdHJhdG9yMGMyZmZmZTMtMmJiZi00NDE4LWEyNTItZmM1NjBkYmI4ZWU1MTU2NTUzNjA0MDk2NTg2MCZlPQ
http://lmhostsvc.net/healthne/healthne/regdl,12,11/10/2019 18:24,28/10/2019 22:42,28/10/2019 22:42,https://www.virustotal.com/gui/url/aHR0cDovL2xtaG9zdHN2Yy5uZXQvaGVhbHRobmUvaGVhbHRobmUvcmVnZGw
http://aroundtheworld123.net/healthne/healthne/regdl,9,05/11/2018 13:48,31/03/2022 15:36,31/03/2022 15:36,https://www.virustotal.com/gui/url/aHR0cDovL2Fyb3VuZHRoZXdvcmxkMTIzLm5ldC9oZWFsdGhuZS9oZWFsdGhuZS9yZWdkbA
http://gongzuosousuo.net/healthne/healthne/sht,8,04/09/2019 8:42,12/10/2022 19:54,12/10/2022 19:54,https://www.virustotal.com/gui/url/aHR0cDovL2dvbmd6dW9zb3VzdW8ubmV0L2hlYWx0aG5lL2hlYWx0aG5lL3NodA
http://gongzuosousuo.net/healthne/accept.php?a=John-PC&b=JOHN-PC&c=Windows%207%20Professional&d=JohnJohn616b01ec-ad57-4699-bd13-e43672ed0f42165536040965860&e=,8,08/01/2021 10:22,12/10/2022 19:54,12/10/2022 19:54,https://www.virustotal.com/gui/url/aHR0cDovL2dvbmd6dW9zb3VzdW8ubmV0L2hlYWx0aG5lL2FjY2VwdC5waHA_YT1Kb2huLVBDJmI9Sk9ITi1QQyZjPVdpbmRvd3MlMjA3JTIwUHJvZmVzc2lvbmFsJmQ9Sm9obkpvaG42MTZiMDFlYy1hZDU3LTQ2OTktYmQxMy1lNDM2NzJlZDBmNDIxNjU1MzYwNDA5NjU4NjAmZT0
http://btappclientsvc.net/mf/audio.msi,9,15/10/2019 3:12,17/10/2019 16:06,17/10/2019 16:06,https://www.virustotal.com/gui/url/aHR0cDovL2J0YXBwY2xpZW50c3ZjLm5ldC9tZi9hdWRpby5tc2k
http://tongbanzhichi.net,2,27/06/2019 7:29,19/06/2025 14:03,19/06/2025 14:03,https://www.virustotal.com/gui/url/aHR0cDovL3RvbmdiYW56aGljaGkubmV0
http://gongzuosousuo.net/healthne/accept.php?a=user-pc&b=USER-PC&c=Windows%207%20Professional&d=adminadmin0ac6fe2c-e3b8-4bf7-8fb0-24e2aba3d4f5365536040965860&e=,9,04/09/2019 8:34,12/10/2022 19:54,12/10/2022 19:54,https://www.virustotal.com/gui/url/aHR0cDovL2dvbmd6dW9zb3VzdW8ubmV0L2hlYWx0aG5lL2FjY2VwdC5waHA_YT11c2VyLXBjJmI9VVNFUi1QQyZjPVdpbmRvd3MlMjA3JTIwUHJvZmVzc2lvbmFsJmQ9YWRtaW5hZG1pbjBhYzZmZTJjLWUzYjgtNGJmNy04ZmIwLTI0ZTJhYmEzZDRmNTM2NTUzNjA0MDk2NTg2MCZlPQ
http://gongzuosousuo.net/healthne/accept.php?a=user-pc&b=USER-PC&c=Windows%207%20Professional&d=adminadmin0ac6fe2c-e3b8-4bf7-8fb0-24e2aba3d4f5365536040965860&e=abcd,5,04/04/2023 15:16,04/04/2023 15:16,04/04/2023 15:16,https://www.virustotal.com/gui/url/aHR0cDovL2dvbmd6dW9zb3VzdW8ubmV0L2hlYWx0aG5lL2FjY2VwdC5waHA_YT11c2VyLXBjJmI9VVNFUi1QQyZjPVdpbmRvd3MlMjA3JTIwUHJvZmVzc2lvbmFsJmQ9YWRtaW5hZG1pbjBhYzZmZTJjLWUzYjgtNGJmNy04ZmIwLTI0ZTJhYmEzZDRmNTM2NTUzNjA0MDk2NTg2MCZlPWFiY2Q
http://healthdevicetracker.com/healthne/healthne/regdl,5,11/01/2019 14:32,31/03/2022 10:31,31/03/2022 10:31,https://www.virustotal.com/gui/url/aHR0cDovL2hlYWx0aGRldmljZXRyYWNrZXIuY29tL2hlYWx0aG5lL2hlYWx0aG5lL3JlZ2Rs
http://gongzuosousuo.net/healthne/healthne/audiodq,9,29/07/2019 7:57,14/12/2023 17:16,14/12/2023 17:16,https://www.virustotal.com/gui/url/aHR0cDovL2dvbmd6dW9zb3VzdW8ubmV0L2hlYWx0aG5lL2hlYWx0aG5lL2F1ZGlvZHE
http://winlocsec.ddns.net,1,02/05/2019 11:00,19/06/2025 14:12,19/06/2025 14:12,https://www.virustotal.com/gui/url/aHR0cDovL3dpbmxvY3NlYy5kZG5zLm5ldA
http://mswinhostsvc.net:43821,1,04/04/2023 15:16,04/04/2023 15:16,04/04/2023 15:16,https://www.virustotal.com/gui/url/aHR0cDovL21zd2luaG9zdHN2Yy5uZXQ6NDM4MjE
http://lmhostsvc.net/healthne/healthne/igfxsrvk,6,28/10/2019 22:42,27/05/2020 3:32,27/05/2020 3:32,https://www.virustotal.com/gui/url/aHR0cDovL2xtaG9zdHN2Yy5uZXQvaGVhbHRobmUvaGVhbHRobmUvaWdmeHNydms
http://lmhostsvc.net/healthne/accept.php?a=<MACHINE_NAME>&b=<MACHINE_NAME>&c=Microsoft%20Windows%20XP&d=<USER><USER>fabbc6a1-c573-4ea0-9ca1-50004b35a440165536040965860&e=,7,01/08/2022 7:35,13/12/2023 5:17,13/12/2023 5:17,https://www.virustotal.com/gui/url/aHR0cDovL2xtaG9zdHN2Yy5uZXQvaGVhbHRobmUvYWNjZXB0LnBocD9hPTxNQUNISU5FX05BTUU-JmI9PE1BQ0hJTkVfTkFNRT4mYz1NaWNyb3NvZnQlMjBXaW5kb3dzJTIwWFAmZD08VVNFUj48VVNFUj5mYWJiYzZhMS1jNTczLTRlYTAtOWNhMS01MDAwNGIzNWE0NDAxNjU1MzYwNDA5NjU4NjAmZT0
http://gongzuosousuo.net/healthne/accept.php?a=<MACHINE_NAME>&b=<MACHINE_NAME>&c=Microsoft%20Windows%20XP&d=<USER><USER>fabbc6a1-c573-4ea0-9ca1-50004b35a440165536040965860&e=abcd,4,29/07/2019 8:01,05/12/2023 2:50,05/12/2023 2:50,https://www.virustotal.com/gui/url/aHR0cDovL2dvbmd6dW9zb3VzdW8ubmV0L2hlYWx0aG5lL2FjY2VwdC5waHA_YT08TUFDSElORV9OQU1FPiZiPTxNQUNISU5FX05BTUU-JmM9TWljcm9zb2Z0JTIwV2luZG93cyUyMFhQJmQ9PFVTRVI-PFVTRVI-ZmFiYmM2YTEtYzU3My00ZWEwLTljYTEtNTAwMDRiMzVhNDQwMTY1NTM2MDQwOTY1ODYwJmU9YWJjZA
http://gongzuosousuo.net/images/ausetup.msi,8,04/10/2019 21:44,04/04/2023 15:16,04/04/2023 15:16,https://www.virustotal.com/gui/url/aHR0cDovL2dvbmd6dW9zb3VzdW8ubmV0L2ltYWdlcy9hdXNldHVwLm1zaQ
http://maill.cnnc.com.cn.accountvalidation.verifay2367bdg56.com.cdaxpropsvc.net,3,09/08/2019 15:11,10/09/2025 9:45,10/09/2025 9:45,https://www.virustotal.com/gui/url/aHR0cDovL21haWxsLmNubmMuY29tLmNuLmFjY291bnR2YWxpZGF0aW9uLnZlcmlmYXkyMzY3YmRnNTYuY29tLmNkYXhwcm9wc3ZjLm5ldA
http://mail.winmanagerservice.org,2,09/08/2019 15:13,10/09/2025 6:44,10/09/2025 6:44,https://www.virustotal.com/gui/url/aHR0cDovL21haWwud2lubWFuYWdlcnNlcnZpY2Uub3Jn
http://maill.sasac.gov.cn.accountverify.validation8u6453.jsbch876452.nxjkgdg096574.fghe5392.ncdjkbfkj873e65.nckjdbcj86hty1.cdjcksdcuh57hgy43.njkd8766532.njfg73452.kdjsdkj7564.jdchjsdy.rthfgyert231.winmanagerservice.net.,2,09/08/2019 15:12,10/09/2025 6:52,10/09/2025 6:52,https://www.virustotal.com/gui/url/aHR0cDovL21haWxsLnNhc2FjLmdvdi5jbi5hY2NvdW50dmVyaWZ5LnZhbGlkYXRpb244dTY0NTMuanNiY2g4NzY0NTIubnhqa2dkZzA5NjU3NC5mZ2hlNTM5Mi5uY2Rqa2Jma2o4NzNlNjUubmNramRiY2o4Nmh0eTEuY2RqY2tzZGN1aDU3aGd5NDMubmprZDg3NjY1MzIubmpmZzczNDUyLmtkanNka2o3NTY0LmpkY2hqc2R5LnJ0aGZneWVydDIzMS53aW5tYW5hZ2Vyc2VydmljZS5uZXQu
http://mailll.mfa.gov.cn.accountvalidation.verifay.jk78huy688h67kjg7it8.com.btappclientsvc.net,3,09/08/2019 15:10,10/09/2025 6:42,10/09/2025 6:42,https://www.virustotal.com/gui/url/aHR0cDovL21haWxsbC5tZmEuZ292LmNuLmFjY291bnR2YWxpZGF0aW9uLnZlcmlmYXkuams3OGh1eTY4OGg2N2tqZzdpdDguY29tLmJ0YXBwY2xpZW50c3ZjLm5ldA
http://maill.ceiec.cn.accountverify.validation7h8k97hnku0j.com.v3solutions4all.com,8,09/08/2019 15:08,10/09/2025 6:43,10/09/2025 6:43,https://www.virustotal.com/gui/url/aHR0cDovL21haWxsLmNlaWVjLmNuLmFjY291bnR2ZXJpZnkudmFsaWRhdGlvbjdoOGs5N2hua3Uwai5jb20udjNzb2x1dGlvbnM0YWxsLmNvbQ
http://mail.v3solutions4all.com,8,09/08/2019 15:14,10/09/2025 6:43,10/09/2025 6:43,https://www.virustotal.com/gui/url/aHR0cDovL21haWwudjNzb2x1dGlvbnM0YWxsLmNvbQ
http://webmail.mofcom.gov.cn.accountverify.validation8u2904.jsbchkufd546.nxjkgdgfhh345s.fghese4.ncdjkbfkjh244e.nckjdbcj86hty1.cdjcksdcuh57hgy43.njkd75894t5.njfg87543.kdjsdkj7564.jdchjsdy.rthfgyerty33.wangluojiumingjingli.org,6,14/05/2019 8:00,06/08/2025 6:55,06/08/2025 6:55,https://www.virustotal.com/gui/url/aHR0cDovL3dlYm1haWwubW9mY29tLmdvdi5jbi5hY2NvdW50dmVyaWZ5LnZhbGlkYXRpb244dTI5MDQuanNiY2hrdWZkNTQ2Lm54amtnZGdmaGgzNDVzLmZnaGVzZTQubmNkamtiZmtqaDI0NGUubmNramRiY2o4Nmh0eTEuY2RqY2tzZGN1aDU3aGd5NDMubmprZDc1ODk0dDUubmpmZzg3NTQzLmtkanNka2o3NTY0LmpkY2hqc2R5LnJ0aGZneWVydHkzMy53YW5nbHVvaml1bWluZ2ppbmdsaS5vcmc
http://maill.cgwic.com.accountvalidation.verifay765hgy87.com.cdaxpropsvc.net,3,21/06/2019 14:46,10/09/2025 9:45,10/09/2025 9:45,https://www.virustotal.com/gui/url/aHR0cDovL21haWxsLmNnd2ljLmNvbS5hY2NvdW50dmFsaWRhdGlvbi52ZXJpZmF5NzY1aGd5ODcuY29tLmNkYXhwcm9wc3ZjLm5ldA
http://maill.126.com.cn.accountvalidation.vj65rfy785ru76.com.winmanagerservice.org,3,09/08/2019 15:13,10/09/2025 6:49,10/09/2025 6:49,https://www.virustotal.com/gui/url/aHR0cDovL21haWxsLjEyNi5jb20uY24uYWNjb3VudHZhbGlkYXRpb24udmo2NXJmeTc4NXJ1NzYuY29tLndpbm1hbmFnZXJzZXJ2aWNlLm9yZw
http://maill.czec.com.cn.accountvalidation.verifay728gh4dgy6378et6.com.cdaxpropsvc.net,3,16/06/2019 9:40,10/09/2025 9:45,10/09/2025 9:45,https://www.virustotal.com/gui/url/aHR0cDovL21haWxsLmN6ZWMuY29tLmNuLmFjY291bnR2YWxpZGF0aW9uLnZlcmlmYXk3MjhnaDRkZ3k2Mzc4ZXQ2LmNvbS5jZGF4cHJvcHN2Yy5uZXQ
http://maill.catic.cn.accountverify.validation567fg57f58g6.com.winmanagerservice.org,4,09/08/2019 15:09,10/09/2025 6:50,10/09/2025 6:50,https://www.virustotal.com/gui/url/aHR0cDovL21haWxsLmNhdGljLmNuLmFjY291bnR2ZXJpZnkudmFsaWRhdGlvbjU2N2ZnNTdmNThnNi5jb20ud2lubWFuYWdlcnNlcnZpY2Uub3Jn
http://maill.ndrc.gov.cn.accountvalidation.verifay.vhj876uh786uy687.com.btappclientsvc.net,3,09/08/2019 15:05,10/09/2025 6:41,10/09/2025 6:41,https://www.virustotal.com/gui/url/aHR0cDovL21haWxsLm5kcmMuZ292LmNuLmFjY291bnR2YWxpZGF0aW9uLnZlcmlmYXkudmhqODc2dWg3ODZ1eTY4Ny5jb20uYnRhcHBjbGllbnRzdmMubmV0
http://maill.catic.cn.accountvalidation.verifay.ysfts69887tgyu67tg6r.com.btappclientsvc.net,8,09/08/2019 15:14,10/09/2025 6:41,10/09/2025 6:41,https://www.virustotal.com/gui/url/aHR0cDovL21haWxsLmNhdGljLmNuLmFjY291bnR2YWxpZGF0aW9uLnZlcmlmYXkueXNmdHM2OTg4N3RneXU2N3RnNnIuY29tLmJ0YXBwY2xpZW50c3ZjLm5ldA
http://maill.163.com.accountvalidation.verifay768ht7u6h.com.cdaxpropsvc.net,3,09/08/2019 15:10,10/09/2025 9:45,10/09/2025 9:45,https://www.virustotal.com/gui/url/aHR0cDovL21haWxsLjE2My5jb20uYWNjb3VudHZhbGlkYXRpb24udmVyaWZheTc2OGh0N3U2aC5jb20uY2RheHByb3BzdmMubmV0
http://maill.catic.cn.accountverify.validation8u2745.v3solutions4all.com,2,09/08/2019 15:11,11/07/2023 5:11,11/07/2023 5:11,https://www.virustotal.com/gui/url/aHR0cDovL21haWxsLmNhdGljLmNuLmFjY291bnR2ZXJpZnkudmFsaWRhdGlvbjh1Mjc0NS52M3NvbHV0aW9uczRhbGwuY29t
http://webmail.avic.com.accountverify.validation8u7329.jsbchk82056.nxjkgdgf34523.fghe5103.ncdjkbfkjh5674e.nckjdbcj86hty1.cdjcksdcuh57hgy43.njkd75894t5.njfg87543.kdjsdkj7564.jdchjsdy.rthfgyerty86.wangluojiumingjingli.org,5,09/08/2019 15:10,10/09/2025 6:52,10/09/2025 6:52,https://www.virustotal.com/gui/url/aHR0cDovL3dlYm1haWwuYXZpYy5jb20uYWNjb3VudHZlcmlmeS52YWxpZGF0aW9uOHU3MzI5LmpzYmNoazgyMDU2Lm54amtnZGdmMzQ1MjMuZmdoZTUxMDMubmNkamtiZmtqaDU2NzRlLm5ja2pkYmNqODZodHkxLmNkamNrc2RjdWg1N2hneTQzLm5qa2Q3NTg5NHQ1Lm5qZmc4NzU0My5rZGpzZGtqNzU2NC5qZGNoanNkeS5ydGhmZ3llcnR5ODYud2FuZ2x1b2ppdW1pbmdqaW5nbGkub3Jn
http://maill.163.com.cn.accountvalidation.bh34567gh67.com.winmanagerservice.org,3,09/08/2019 15:07,10/09/2025 6:50,10/09/2025 6:50,https://www.virustotal.com/gui/url/aHR0cDovL21haWxsLjE2My5jb20uY24uYWNjb3VudHZhbGlkYXRpb24uYmgzNDU2N2doNjcuY29tLndpbm1hbmFnZXJzZXJ2aWNlLm9yZw
http://maill.mfa.gov.cn.accountverify.validationgyy837rgyud2378rry.com.v3solutions4all.com,8,09/08/2019 15:14,10/09/2025 6:44,10/09/2025 6:44,https://www.virustotal.com/gui/url/aHR0cDovL21haWxsLm1mYS5nb3YuY24uYWNjb3VudHZlcmlmeS52YWxpZGF0aW9uZ3l5ODM3cmd5dWQyMzc4cnJ5LmNvbS52M3NvbHV0aW9uczRhbGwuY29t
http://maill.mfa.gov.cn.accountverify.validation8u77654.winmanagerservice.org,3,09/08/2019 15:08,10/09/2025 6:51,10/09/2025 6:51,https://www.virustotal.com/gui/url/aHR0cDovL21haWxsLm1mYS5nb3YuY24uYWNjb3VudHZlcmlmeS52YWxpZGF0aW9uOHU3NzY1NC53aW5tYW5hZ2Vyc2VydmljZS5vcmc
http://maill.catic.cn.accountvalidation.verifay783g677hui.com.cdaxpropsvc.net,3,09/08/2019 15:05,10/09/2025 9:45,10/09/2025 9:45,https://www.virustotal.com/gui/url/aHR0cDovL21haWxsLmNhdGljLmNuLmFjY291bnR2YWxpZGF0aW9uLnZlcmlmYXk3ODNnNjc3aHVpLmNvbS5jZGF4cHJvcHN2Yy5uZXQ
http://maill.polyauction.com.accountvalidation.security.jjh98iukhuj78.com.winmanagerservice.org,2,09/08/2019 15:04,10/09/2025 6:51,10/09/2025 6:51,https://www.virustotal.com/gui/url/aHR0cDovL21haWxsLnBvbHlhdWN0aW9uLmNvbS5hY2NvdW50dmFsaWRhdGlvbi5zZWN1cml0eS5qamg5OGl1a2h1ajc4LmNvbS53aW5tYW5hZ2Vyc2VydmljZS5vcmc
http://blitzchatlog.ddns.net/Hide/silent.php,9,19/06/2020 5:45,14/12/2024 11:29,14/12/2024 11:29,https://www.virustotal.com/gui/url/aHR0cDovL2JsaXR6Y2hhdGxvZy5kZG5zLm5ldC9IaWRlL3NpbGVudC5waHA
https://phoneshieldnet.com/phoneshieldapp/health.php,7,18/06/2020 14:06,11/02/2024 6:05,11/02/2024 6:05,https://www.virustotal.com/gui/url/aHR0cHM6Ly9waG9uZXNoaWVsZG5ldC5jb20vcGhvbmVzaGllbGRhcHAvaGVhbHRoLnBocA
https://spiceworld.rf.gd,4,02/07/2020 1:56,13/09/2025 21:55,13/09/2025 21:55,https://www.virustotal.com/gui/url/aHR0cHM6Ly9zcGljZXdvcmxkLnJmLmdk
http://playupdateapp.serveblog.net/Youtube/home.php,10,09/05/2018 7:20,09/12/2024 13:14,09/12/2024 13:14,https://www.virustotal.com/gui/url/aHR0cDovL3BsYXl1cGRhdGVhcHAuc2VydmVibG9nLm5ldC9Zb3V0dWJlL2hvbWUucGhw
http://techfront.com.cn/js/gbuilder.php,3,15/05/2020 16:19,11/02/2024 6:05,11/02/2024 6:05,https://www.virustotal.com/gui/url/aHR0cDovL3RlY2hmcm9udC5jb20uY24vanMvZ2J1aWxkZXIucGhw
https://mypicks4u.com/chitchatbox/chitchat.php,7,19/06/2020 14:06,03/04/2024 1:48,03/04/2024 1:48,https://www.virustotal.com/gui/url/aHR0cHM6Ly9teXBpY2tzNHUuY29tL2NoaXRjaGF0Ym94L2NoaXRjaGF0LnBocA
https://flashnewsservice.org,7,20/04/2020 16:15,02/09/2025 15:49,02/09/2025 15:49,https://www.virustotal.com/gui/url/aHR0cHM6Ly9mbGFzaG5ld3NzZXJ2aWNlLm9yZw
http://fst.gov.pk,2,21/01/2017 5:25,24/07/2025 9:57,24/07/2025 9:57,https://www.virustotal.com/gui/url/aHR0cDovL2ZzdC5nb3YucGs
https://zmwardrobe.com/,10,04/12/2018 23:21,16/09/2025 18:04,16/09/2025 18:04,https://www.virustotal.com/gui/url/aHR0cHM6Ly96bXdhcmRyb2JlLmNvbS8
http://wcnchost.ddns.net,8,29/11/2018 3:24,15/09/2025 3:14,15/09/2025 3:14,https://www.virustotal.com/gui/url/aHR0cDovL3djbmNob3N0LmRkbnMubmV0
http://spring.tulipnetworks.net,11,05/11/2018 23:00,16/09/2025 22:58,16/09/2025 22:58,https://www.virustotal.com/gui/url/aHR0cDovL3NwcmluZy50dWxpcG5ldHdvcmtzLm5ldA
http://hewle.kielsoservice.net,10,05/12/2018 5:40,29/08/2025 3:39,29/08/2025 3:39,https://www.virustotal.com/gui/url/aHR0cDovL2hld2xlLmtpZWxzb3NlcnZpY2UubmV0
http://almasoodgroup.com,4,28/05/2016 3:57,09/09/2025 20:27,09/09/2025 20:27,https://www.virustotal.com/gui/url/aHR0cDovL2FsbWFzb29kZ3JvdXAuY29t
http://khurram.com.pk,9,11/11/2015 16:16,16/09/2025 19:03,16/09/2025 19:03,https://www.virustotal.com/gui/url/aHR0cDovL2todXJyYW0uY29tLnBr
http://hartraders.com,2,01/12/2017 9:58,18/08/2025 17:54,18/08/2025 17:54,https://www.virustotal.com/gui/url/aHR0cDovL2hhcnRyYWRlcnMuY29t
http://wforc.pk,1,18/09/2018 13:06,26/08/2025 23:54,26/08/2025 23:54,https://www.virustotal.com/gui/url/aHR0cDovL3dmb3JjLnBr
http://pikrpro.eu/candida/AAT%20national%20assembly%20final.inp,4,20/07/2018 10:47,23/11/2021 11:01,23/11/2021 11:01,https://www.virustotal.com/gui/url/aHR0cDovL3Bpa3Jwcm8uZXUvY2FuZGlkYS9BQVQlMjBuYXRpb25hbCUyMGFzc2VtYmx5JTIwZmluYWwuaW5w
https://wforc.pk/js/Internet%20Data%20Traffic%20Report%20-%20August%202018.docx.com,0,17/09/2018 10:28,17/09/2018 10:28,17/09/2018 10:28,https://www.virustotal.com/gui/url/aHR0cHM6Ly93Zm9yYy5way9qcy9JbnRlcm5ldCUyMERhdGElMjBUcmFmZmljJTIwUmVwb3J0JTIwLSUyMEF1Z3VzdCUyMDIwMTguZG9jeC5jb20
http://khurram.com.pk/js/drv,4,26/09/2018 12:37,09/04/2022 17:43,09/04/2022 17:43,https://www.virustotal.com/gui/url/aHR0cDovL2todXJyYW0uY29tLnBrL2pzL2Rydg
https://almasoodgroup.com/js/cwpnw.exe,1,07/11/2018 17:19,22/11/2018 12:11,22/11/2018 12:11,https://www.virustotal.com/gui/url/aHR0cHM6Ly9hbG1hc29vZGdyb3VwLmNvbS9qcy9jd3Budy5leGU
https://marvel89.com/ahead.php,9,17/09/2025 8:22,17/09/2025 8:22,17/09/2025 8:22,https://www.virustotal.com/gui/url/aHR0cHM6Ly9tYXJ2ZWw4OS5jb20vYWhlYWQucGhw
https://medzone71.com/medal/adfsdsqw.php,7,17/09/2025 8:23,17/09/2025 8:23,17/09/2025 8:23,https://www.virustotal.com/gui/url/aHR0cHM6Ly9tZWR6b25lNzEuY29tL21lZGFsL2FkZnNkc3F3LnBocA
https://destiny91.com/truen/adfsdsqw.php,10,09/05/2023 5:20,09/05/2023 5:20,09/05/2023 5:20,https://www.virustotal.com/gui/url/aHR0cHM6Ly9kZXN0aW55OTEuY29tL3RydWVuL2FkZnNkc3F3LnBocA
https://nexster91.com/winter/war.php,3,18/09/2025 1:19,18/09/2025 1:19,18/09/2025 1:19,https://www.virustotal.com/gui/url/aHR0cHM6Ly9uZXhzdGVyOTEuY29tL3dpbnRlci93YXIucGhw
https://ranadey.net78.net/Muzic/exist.php,9,09/05/2023 5:20,09/05/2023 5:20,09/05/2023 5:20,https://www.virustotal.com/gui/url/aHR0cHM6Ly9yYW5hZGV5Lm5ldDc4Lm5ldC9NdXppYy9leGlzdC5waHA
http://olypath.com/mABdj.exe,7,05/03/2022 3:00,20/05/2025 7:36,20/05/2025 7:36,https://www.virustotal.com/gui/url/aHR0cDovL29seXBhdGguY29tL21BQmRqLmV4ZQ
http://20.51.217.113/fuue/Feeut.exe,7,28/01/2022 15:57,20/05/2025 7:36,20/05/2025 7:36,https://www.virustotal.com/gui/url/aHR0cDovLzIwLjUxLjIxNy4xMTMvZnV1ZS9GZWV1dC5leGU
http://20.51.217.113/lxc/Lrpotxd.jpg,7,17/01/2022 9:18,20/05/2025 7:37,20/05/2025 7:37,https://www.virustotal.com/gui/url/aHR0cDovLzIwLjUxLjIxNy4xMTMvbHhjL0xycG90eGQuanBn
http://20.51.217.113/lp/Lrpotxd.exe,7,17/01/2022 9:18,20/05/2025 7:37,20/05/2025 7:37,https://www.virustotal.com/gui/url/aHR0cDovLzIwLjUxLjIxNy4xMTMvbHAvTHJwb3R4ZC5leGU
http://20.51.217.113/gpo/Gpogmr.exe,7,17/01/2022 15:12,20/05/2025 7:36,20/05/2025 7:36,https://www.virustotal.com/gui/url/aHR0cDovLzIwLjUxLjIxNy4xMTMvZ3BvL0dwb2dtci5leGU
http://20.51.217.113/xse/Feeut.log,7,28/01/2022 15:55,20/05/2025 7:38,20/05/2025 7:38,https://www.virustotal.com/gui/url/aHR0cDovLzIwLjUxLjIxNy4xMTMveHNlL0ZlZXV0LmxvZw
http://20.51.217.113/fum/Xjtucvnat.png,7,18/01/2022 13:20,20/05/2025 7:38,20/05/2025 7:38,https://www.virustotal.com/gui/url/aHR0cDovLzIwLjUxLjIxNy4xMTMvZnVtL1hqdHVjdm5hdC5wbmc
http://20.51.217.113/bo/Xjtucvnat.exe,7,18/01/2022 13:19,20/05/2025 7:38,20/05/2025 7:38,https://www.virustotal.com/gui/url/aHR0cDovLzIwLjUxLjIxNy4xMTMvYm8vWGp0dWN2bmF0LmV4ZQ
http://20.51.217.113/ras/Gpogmr.png,7,17/01/2022 6:50,20/05/2025 7:37,20/05/2025 7:37,https://www.virustotal.com/gui/url/aHR0cDovLzIwLjUxLjIxNy4xMTMvcmFzL0dwb2dtci5wbmc
http://185.215.113.43/Zu7JuNko/Login.php,12,23/09/2024 7:12,01/09/2025 12:27,01/09/2025 12:27,https://www.virustotal.com/gui/url/aHR0cDovLzE4NS4yMTUuMTEzLjQzL1p1N0p1TmtvL0xvZ2luLnBocA
https://185.215.113.19/CoreOPT/Login.php,20,03/10/2024 15:04,03/10/2024 15:04,03/10/2024 15:04,https://www.virustotal.com/gui/url/aHR0cHM6Ly8xODUuMjE1LjExMy4xOS9Db3JlT1BUL0xvZ2luLnBocA
http://31.41.244.10/Dem7kTu/index.php,13,16/08/2024 19:28,17/09/2025 13:55,17/09/2025 13:55,https://www.virustotal.com/gui/url/aHR0cDovLzMxLjQxLjI0NC4xMC9EZW03a1R1L2luZGV4LnBocA
http://185.215.113.19/Vi9leo/Login.php,16,26/07/2024 7:22,28/08/2025 4:27,28/08/2025 4:27,https://www.virustotal.com/gui/url/aHR0cDovLzE4NS4yMTUuMTEzLjE5L1ZpOWxlby9Mb2dpbi5waHA
http://185.215.113.19/Vi9leo/index.php,15,25/07/2024 17:17,17/09/2025 13:02,17/09/2025 13:02,https://www.virustotal.com/gui/url/aHR0cDovLzE4NS4yMTUuMTEzLjE5L1ZpOWxlby9pbmRleC5waHA
http://77.91.77.81/Kiru9gu/Login.php,13,03/07/2024 11:47,01/09/2025 12:27,01/09/2025 12:27,https://www.virustotal.com/gui/url/aHR0cDovLzc3LjkxLjc3LjgxL0tpcnU5Z3UvTG9naW4ucGhw
http://185.208.159.121/8djjd3Shf2/Login.php,15,01/11/2024 15:26,01/09/2025 12:27,01/09/2025 12:27,https://www.virustotal.com/gui/url/aHR0cDovLzE4NS4yMDguMTU5LjEyMS84ZGpqZDNTaGYyL0xvZ2luLnBocA
http://45.9.74.182/b7djSDcPcZ/index.php,14,31/07/2023 20:47,15/09/2025 20:29,15/09/2025 20:29,https://www.virustotal.com/gui/url/aHR0cDovLzQ1LjkuNzQuMTgyL2I3ZGpTRGNQY1ovaW5kZXgucGhw
http://77.91.77.82/Hun4Ko/Login.php,14,30/06/2024 13:07,01/09/2025 12:27,01/09/2025 12:27,https://www.virustotal.com/gui/url/aHR0cDovLzc3LjkxLjc3LjgyL0h1bjRLby9Mb2dpbi5waHA
http://185.156.72.61/h0pg5u4k/Login.php,14,04/06/2025 8:15,02/09/2025 9:22,02/09/2025 9:22,https://www.virustotal.com/gui/url/aHR0cDovLzE4NS4xNTYuNzIuNjEvaDBwZzV1NGsvTG9naW4ucGhw
http://actualisation-service.com/CoreOPT/Login.php,14,10/08/2024 9:34,01/09/2025 12:27,01/09/2025 12:27,https://www.virustotal.com/gui/url/aHR0cDovL2FjdHVhbGlzYXRpb24tc2VydmljZS5jb20vQ29yZU9QVC9Mb2dpbi5waHA
http://185.208.158.115/CoreOPT/Login.php,9,10/08/2024 9:36,01/09/2025 12:27,01/09/2025 12:27,https://www.virustotal.com/gui/url/aHR0cDovLzE4NS4yMDguMTU4LjExNS9Db3JlT1BUL0xvZ2luLnBocA
http://blindbut.icu/so9rUn3x/Login.php,14,02/06/2025 16:57,01/09/2025 13:20,01/09/2025 13:20,https://www.virustotal.com/gui/url/aHR0cDovL2JsaW5kYnV0LmljdS9zbzlyVW4zeC9Mb2dpbi5waHA
http://185.215.113.217/CoreOPT/index.php,13,26/10/2024 17:10,02/09/2025 3:24,02/09/2025 3:24,https://www.virustotal.com/gui/url/aHR0cDovLzE4NS4yMTUuMTEzLjIxNy9Db3JlT1BUL2luZGV4LnBocA
http://45.80.158.31/g9bkfkWf/Login.php,14,27/08/2024 17:12,01/09/2025 12:27,01/09/2025 12:27,https://www.virustotal.com/gui/url/aHR0cDovLzQ1LjgwLjE1OC4zMS9nOWJrZmtXZi9Mb2dpbi5waHA
http://66.63.187.111/Waaagh/Login.php,15,20/07/2025 20:38,20/08/2025 8:14,20/08/2025 8:14,https://www.virustotal.com/gui/url/aHR0cDovLzY2LjYzLjE4Ny4xMTEvV2FhYWdoL0xvZ2luLnBocA
http://196.251.85.220/E3jv8fS9b/Login.php,19,15/08/2025 22:13,01/09/2025 21:40,01/09/2025 21:40,https://www.virustotal.com/gui/url/aHR0cDovLzE5Ni4yNTEuODUuMjIwL0UzanY4ZlM5Yi9Mb2dpbi5waHA
http://5.42.96.7/zamo7h/Login.php,12,12/05/2024 12:53,01/09/2025 12:27,01/09/2025 12:27,https://www.virustotal.com/gui/url/aHR0cDovLzUuNDIuOTYuNy96YW1vN2gvTG9naW4ucGhw
http://theclientisalwaysright.com/8BvxwQdec3,10,17/09/2025 8:31,17/09/2025 8:31,17/09/2025 8:31,https://www.virustotal.com/gui/url/aHR0cDovL3RoZWNsaWVudGlzYWx3YXlzcmlnaHQuY29tLzhCdnh3UWRlYzM
http://ama.igboat.com/ihgfd7f/Login.php,9,17/09/2025 8:29,17/09/2025 8:29,17/09/2025 8:29,https://www.virustotal.com/gui/url/aHR0cDovL2FtYS5pZ2JvYXQuY29tL2loZ2ZkN2YvTG9naW4ucGhw
http://45.15.156.208//jd9dd3Vw/index.php,14,13/04/2023 19:02,19/10/2024 17:19,19/10/2024 17:19,https://www.virustotal.com/gui/url/aHR0cDovLzQ1LjE1LjE1Ni4yMDgvL2pkOWRkM1Z3L2luZGV4LnBocA
http://ruspyc.top/j4Fvskd3/Login.php,16,01/04/2024 2:42,17/08/2025 11:48,17/08/2025 11:48,https://www.virustotal.com/gui/url/aHR0cDovL3J1c3B5Yy50b3AvajRGdnNrZDMvTG9naW4ucGhw
http://topgamecheats.dev/j4Fvskd3/Login.php,19,07/03/2024 11:37,09/06/2024 12:47,09/06/2024 12:47,https://www.virustotal.com/gui/url/aHR0cDovL3RvcGdhbWVjaGVhdHMuZGV2L2o0RnZza2QzL0xvZ2luLnBocA
https://topgamecheats.dev/j4Fvskd3/Login.php,13,11/03/2024 7:30,30/08/2025 9:32,30/08/2025 9:32,https://www.virustotal.com/gui/url/aHR0cHM6Ly90b3BnYW1lY2hlYXRzLmRldi9qNEZ2c2tkMy9Mb2dpbi5waHA
http://185.215.113.43/Zu7JuNko/index.php,16,22/09/2024 19:02,15/09/2025 10:52,15/09/2025 10:52,https://www.virustotal.com/gui/url/aHR0cDovLzE4NS4yMTUuMTEzLjQzL1p1N0p1TmtvL2luZGV4LnBocA
http://185.215.113.202/Zu7JuNko/Login.php,13,12/11/2024 1:56,01/09/2025 12:27,01/09/2025 12:27,https://www.virustotal.com/gui/url/aHR0cDovLzE4NS4yMTUuMTEzLjIwMi9adTdKdU5rby9Mb2dpbi5waHA
http://185.215.113.209/Fru7Nk9/Login.php,19,10/11/2024 13:08,06/09/2025 15:07,06/09/2025 15:07,https://www.virustotal.com/gui/url/aHR0cDovLzE4NS4yMTUuMTEzLjIwOS9GcnU3Tms5L0xvZ2luLnBocA
http://c-cdns.top/g8VqD9fmdE/index.php,15,03/03/2024 19:45,16/10/2024 11:45,16/10/2024 11:45,https://www.virustotal.com/gui/url/aHR0cDovL2MtY2Rucy50b3AvZzhWcUQ5Zm1kRS9pbmRleC5waHA
http://45.202.35.101/pLQvfD4d5/index.php,14,19/10/2024 9:10,21/10/2024 19:19,21/10/2024 19:19,https://www.virustotal.com/gui/url/aHR0cDovLzQ1LjIwMi4zNS4xMDEvcExRdmZENGQ1L2luZGV4LnBocA
http://185.11.61.121/h8s9k20gnb2/Login.php,12,01/11/2024 8:50,02/09/2025 21:47,02/09/2025 21:47,https://www.virustotal.com/gui/url/aHR0cDovLzE4NS4xMS42MS4xMjEvaDhzOWsyMGduYjIvTG9naW4ucGhw
http://185.215.113.26/Dem7kTu/index.php,10,25/08/2024 0:22,05/09/2025 4:51,05/09/2025 4:51,https://www.virustotal.com/gui/url/aHR0cDovLzE4NS4yMTUuMTEzLjI2L0RlbTdrVHUvaW5kZXgucGhw
http://185.208.159.121/8djjd3Shf2/index.php,14,31/10/2024 17:29,15/09/2025 20:21,15/09/2025 20:21,https://www.virustotal.com/gui/url/aHR0cDovLzE4NS4yMDguMTU5LjEyMS84ZGpqZDNTaGYyL2luZGV4LnBocA
http://loadsmods.net/5cjZaje843pQ/Login.php,18,30/05/2025 18:04,29/08/2025 0:15,29/08/2025 0:15,https://www.virustotal.com/gui/url/aHR0cDovL2xvYWRzbW9kcy5uZXQvNWNqWmFqZTg0M3BRL0xvZ2luLnBocA
http://amafiles.net/jd8ejdS3VS/index.php,15,27/05/2025 21:25,08/09/2025 8:52,08/09/2025 8:52,https://www.virustotal.com/gui/url/aHR0cDovL2FtYWZpbGVzLm5ldC9qZDhlamRTM1ZTL2luZGV4LnBocA
http://185.215.113.217/CoreOPT/Login.php,15,26/10/2024 17:11,28/08/2025 4:27,28/08/2025 4:27,https://www.virustotal.com/gui/url/aHR0cDovLzE4NS4yMTUuMTEzLjIxNy9Db3JlT1BUL0xvZ2luLnBocA
http://79.137.192.15/n9djvSc3x/Login.php,14,19/07/2024 9:12,01/09/2025 12:27,01/09/2025 12:27,https://www.virustotal.com/gui/url/aHR0cDovLzc5LjEzNy4xOTIuMTUvbjlkanZTYzN4L0xvZ2luLnBocA
http://theclientisalwaysright.com/8BvxwQdec3/index.php,12,16/05/2024 17:22,23/05/2024 1:34,23/05/2024 1:34,https://www.virustotal.com/gui/url/aHR0cDovL3RoZWNsaWVudGlzYWx3YXlzcmlnaHQuY29tLzhCdnh3UWRlYzMvaW5kZXgucGhw
http://85.208.84.41/f7ehhfadDSk/index.php,23,23/07/2025 6:58,17/09/2025 17:50,17/09/2025 17:50,https://www.virustotal.com/gui/url/aHR0cDovLzg1LjIwOC44NC40MS9mN2VoaGZhZERTay9pbmRleC5waHA
http://85.208.84.41/f7ehhfadDSk/Login.php,22,24/07/2025 14:52,24/08/2025 2:14,24/08/2025 2:14,https://www.virustotal.com/gui/url/aHR0cDovLzg1LjIwOC44NC40MS9mN2VoaGZhZERTay9Mb2dpbi5waHA
http://185.196.11.155/t8rku9ms/index.php,19,08/08/2025 13:40,17/09/2025 19:47,17/09/2025 19:47,https://www.virustotal.com/gui/url/aHR0cDovLzE4NS4xOTYuMTEuMTU1L3Q4cmt1OW1zL2luZGV4LnBocA
http://77.91.77.80/Kiru9gu/index.php,20,14/06/2024 14:08,22/08/2024 6:37,22/08/2024 6:37,https://www.virustotal.com/gui/url/aHR0cDovLzc3LjkxLjc3LjgwL0tpcnU5Z3UvaW5kZXgucGhw
http://77.91.77.82/Kiru9gu/index.php,23,14/06/2024 14:08,22/08/2024 6:37,22/08/2024 6:37,https://www.virustotal.com/gui/url/aHR0cDovLzc3LjkxLjc3LjgyL0tpcnU5Z3UvaW5kZXgucGhw
http://logrecovery.com/hmfd8ejdS/index.php,20,19/07/2025 5:10,01/09/2025 15:30,01/09/2025 15:30,https://www.virustotal.com/gui/url/aHR0cDovL2xvZ3JlY292ZXJ5LmNvbS9obWZkOGVqZFMvaW5kZXgucGhw
http://66.63.187.111/Waaagh/index.php,13,15/07/2025 17:02,15/09/2025 6:23,15/09/2025 6:23,https://www.virustotal.com/gui/url/aHR0cDovLzY2LjYzLjE4Ny4xMTEvV2FhYWdoL2luZGV4LnBocA
http://185.172.128.116/Mb3GvQs8/Login.php,15,19/06/2024 2:46,01/09/2025 12:27,01/09/2025 12:27,https://www.virustotal.com/gui/url/aHR0cDovLzE4NS4xNzIuMTI4LjExNi9NYjNHdlFzOC9Mb2dpbi5waHA
http://pleasurecanbesafe.com/7vAficZogD/index.php,13,27/02/2024 6:08,12/06/2025 10:13,12/06/2025 10:13,https://www.virustotal.com/gui/url/aHR0cDovL3BsZWFzdXJlY2FuYmVzYWZlLmNvbS83dkFmaWNab2dEL2luZGV4LnBocA
http://31.41.244.10/Dem7kTu/Login.php,14,18/08/2024 12:10,28/08/2025 5:47,28/08/2025 5:47,https://www.virustotal.com/gui/url/aHR0cDovLzMxLjQxLjI0NC4xMC9EZW03a1R1L0xvZ2luLnBocA
http://185.215.113.19/CoreOPT/Login.php,16,31/08/2024 9:28,28/08/2025 4:27,28/08/2025 4:27,https://www.virustotal.com/gui/url/aHR0cDovLzE4NS4yMTUuMTEzLjE5L0NvcmVPUFQvTG9naW4ucGhw
http://45.202.35.101/pLQvfD4d5/Login.php,13,19/10/2024 11:01,06/09/2025 20:22,06/09/2025 20:22,https://www.virustotal.com/gui/url/aHR0cDovLzQ1LjIwMi4zNS4xMDEvcExRdmZENGQ1L0xvZ2luLnBocA
http://c-cdns.top/g8VqD9fmdE/Login.php,15,08/10/2024 20:45,16/09/2025 13:17,16/09/2025 13:17,https://www.virustotal.com/gui/url/aHR0cDovL2MtY2Rucy50b3AvZzhWcUQ5Zm1kRS9Mb2dpbi5waHA
https://185.215.113.202/Zu7JuNko/Login.php,12,06/01/2025 4:43,30/08/2025 9:32,30/08/2025 9:32,https://www.virustotal.com/gui/url/aHR0cHM6Ly8xODUuMjE1LjExMy4yMDIvWnU3SnVOa28vTG9naW4ucGhw
http://krakenlpay.com/8jfgndS3d/index.php,4,21/12/2024 7:32,21/12/2024 7:32,21/12/2024 7:32,https://www.virustotal.com/gui/url/aHR0cDovL2tyYWtlbmxwYXkuY29tLzhqZmduZFMzZC9pbmRleC5waHA
http://amoamosss.com/Dem7kTu/Login.php,17,14/10/2024 15:15,23/08/2025 10:07,23/08/2025 10:07,https://www.virustotal.com/gui/url/aHR0cDovL2Ftb2Ftb3Nzcy5jb20vRGVtN2tUdS9Mb2dpbi5waHA
http://179.43.176.26/rvZZZb8jrf/Login.php,12,30/05/2025 18:04,05/08/2025 22:20,05/08/2025 22:20,https://www.virustotal.com/gui/url/aHR0cDovLzE3OS40My4xNzYuMjYvcnZaWlpiOGpyZi9Mb2dpbi5waHA
http://31.43.185.30/ku9f3ton/Login.php,16,29/06/2025 0:03,29/08/2025 8:15,29/08/2025 8:15,https://www.virustotal.com/gui/url/aHR0cDovLzMxLjQzLjE4NS4zMC9rdTlmM3Rvbi9Mb2dpbi5waHA
http://77.91.77.81/Kiru9gu/index.php,12,04/06/2024 8:44,27/07/2025 0:03,27/07/2025 0:03,https://www.virustotal.com/gui/url/aHR0cDovLzc3LjkxLjc3LjgxL0tpcnU5Z3UvaW5kZXgucGhw
http://193.233.132.167/enigma/Login.php,13,11/02/2024 9:12,17/08/2025 11:48,17/08/2025 11:48,https://www.virustotal.com/gui/url/aHR0cDovLzE5My4yMzMuMTMyLjE2Ny9lbmlnbWEvTG9naW4ucGhw
http://176.46.157.60/d8tr4u9k/Login.php,18,20/07/2025 17:01,20/08/2025 7:15,20/08/2025 7:15,https://www.virustotal.com/gui/url/aHR0cDovLzE3Ni40Ni4xNTcuNjAvZDh0cjR1OWsvTG9naW4ucGhw
http://176.46.157.60/d8tr4u9k/index.php,18,06/07/2025 22:30,20/08/2025 5:16,20/08/2025 5:16,https://www.virustotal.com/gui/url/aHR0cDovLzE3Ni40Ni4xNTcuNjAvZDh0cjR1OWsvaW5kZXgucGhw
http://176.46.157.50/tu3d2rom/index.php,17,03/07/2025 20:07,15/09/2025 8:39,15/09/2025 8:39,https://www.virustotal.com/gui/url/aHR0cDovLzE3Ni40Ni4xNTcuNTAvdHUzZDJyb20vaW5kZXgucGhw
http://45.141.233.196/ho4lu3dk/index.php,19,31/07/2025 12:03,12/09/2025 15:00,12/09/2025 15:00,https://www.virustotal.com/gui/url/aHR0cDovLzQ1LjE0MS4yMzMuMTk2L2hvNGx1M2RrL2luZGV4LnBocA
http://94.154.35.25/di9ku38f/Login.php,19,26/07/2025 3:00,15/09/2025 18:29,15/09/2025 18:29,https://www.virustotal.com/gui/url/aHR0cDovLzk0LjE1NC4zNS4yNS9kaTlrdTM4Zi9Mb2dpbi5waHA
https://topgamecheats.dev/8bjndDcoA3/Login.php,13,17/09/2025 8:49,17/09/2025 8:49,17/09/2025 8:49,https://www.virustotal.com/gui/url/aHR0cHM6Ly90b3BnYW1lY2hlYXRzLmRldi84YmpuZERjb0EzL0xvZ2luLnBocA
http://185.215.113.204/f84Nls2/index.php,11,16/08/2022 6:49,05/03/2025 16:00,05/03/2025 16:00,https://www.virustotal.com/gui/url/aHR0cDovLzE4NS4yMTUuMTEzLjIwNC9mODRObHMyL2luZGV4LnBocA
https://185.215.113.43/Zu7JuNko/Login.php,12,17/01/2025 8:12,30/08/2025 9:32,30/08/2025 9:32,https://www.virustotal.com/gui/url/aHR0cHM6Ly8xODUuMjE1LjExMy40My9adTdKdU5rby9Mb2dpbi5waHA
http://185.215.113.19/CoreOPT/index.php,15,31/08/2024 5:42,03/09/2025 10:21,03/09/2025 10:21,https://www.virustotal.com/gui/url/aHR0cDovLzE4NS4yMTUuMTEzLjE5L0NvcmVPUFQvaW5kZXgucGhw
http://185.215.113.16/Vi9leo/Login.php,13,10/08/2024 9:35,18/09/2025 6:07,18/09/2025 6:07,https://www.virustotal.com/gui/url/aHR0cDovLzE4NS4yMTUuMTEzLjE2L1ZpOWxlby9Mb2dpbi5waHA
http://45.202.35.101/pLQvfD4d/Login.php,11,20/09/2024 9:25,01/09/2025 12:27,01/09/2025 12:27,https://www.virustotal.com/gui/url/aHR0cDovLzQ1LjIwMi4zNS4xMDEvcExRdmZENGQvTG9naW4ucGhw
http://185.215.113.209/Fru7Nk9/index.php,17,08/11/2024 13:34,03/09/2025 13:30,03/09/2025 13:30,https://www.virustotal.com/gui/url/aHR0cDovLzE4NS4yMTUuMTEzLjIwOS9GcnU3Tms5L2luZGV4LnBocA
https://185.215.113.209/Fru7Nk9/Login.php,17,10/01/2025 8:15,30/08/2025 9:32,30/08/2025 9:32,https://www.virustotal.com/gui/url/aHR0cHM6Ly8xODUuMjE1LjExMy4yMDkvRnJ1N05rOS9Mb2dpbi5waHA
http://193.233.132.56/Pneh2sXQk0/Login.php,13,25/03/2024 7:02,17/08/2025 11:48,17/08/2025 11:48,https://www.virustotal.com/gui/url/aHR0cDovLzE5My4yMzMuMTMyLjU2L1BuZWgyc1hRazAvTG9naW4ucGhw
http://amafiles.net/jd8ejdS3VS/Login.php,19,30/05/2025 20:58,30/07/2025 8:49,30/07/2025 8:49,https://www.virustotal.com/gui/url/aHR0cDovL2FtYWZpbGVzLm5ldC9qZDhlamRTM1ZTL0xvZ2luLnBocA
http://31.41.244.9/Dem7kTu/Login.php,13,18/08/2024 13:38,28/08/2025 5:47,28/08/2025 5:47,https://www.virustotal.com/gui/url/aHR0cDovLzMxLjQxLjI0NC45L0RlbTdrVHUvTG9naW4ucGhw
http://94.156.177.33/Lv2D7fGdopb/Login.php,10,07/12/2024 8:15,17/09/2025 2:12,17/09/2025 2:12,https://www.virustotal.com/gui/url/aHR0cDovLzk0LjE1Ni4xNzcuMzMvTHYyRDdmR2RvcGIvTG9naW4ucGhw
http://api.garageserviceoperation.com/CoreOPT/index.php,13,07/08/2024 19:06,01/09/2025 23:39,01/09/2025 23:39,https://www.virustotal.com/gui/url/aHR0cDovL2FwaS5nYXJhZ2VzZXJ2aWNlb3BlcmF0aW9uLmNvbS9Db3JlT1BUL2luZGV4LnBocA
http://api.garageserviceoperation.com/CoreOPT/Login.php,14,09/08/2024 14:53,15/09/2025 10:32,15/09/2025 10:32,https://www.virustotal.com/gui/url/aHR0cDovL2FwaS5nYXJhZ2VzZXJ2aWNlb3BlcmF0aW9uLmNvbS9Db3JlT1BUL0xvZ2luLnBocA
http://185.215.113.13/Vi9leo/Login.php,12,10/08/2024 9:35,30/08/2025 9:32,30/08/2025 9:32,https://www.virustotal.com/gui/url/aHR0cDovLzE4NS4yMTUuMTEzLjEzL1ZpOWxlby9Mb2dpbi5waHA
http://185.156.72.96/te4h2nus/Login.php,15,02/05/2025 13:18,30/08/2025 14:07,30/08/2025 14:07,https://www.virustotal.com/gui/url/aHR0cDovLzE4NS4xNTYuNzIuOTYvdGU0aDJudXMvTG9naW4ucGhw
http://logrecovery.com/hmfd8ejdS/Login.php,22,19/07/2025 15:51,18/09/2025 1:24,18/09/2025 1:24,https://www.virustotal.com/gui/url/aHR0cDovL2xvZ3JlY292ZXJ5LmNvbS9obWZkOGVqZFMvTG9naW4ucGhw
http://176.111.174.140/t9bdjZsL2/Login.php,16,17/10/2024 19:15,28/08/2025 4:27,28/08/2025 4:27,https://www.virustotal.com/gui/url/aHR0cDovLzE3Ni4xMTEuMTc0LjE0MC90OWJkalpzTDIvTG9naW4ucGhw
http://cncdevelopment.org/b9djs2g/Login.php,12,09/10/2023 0:36,06/05/2024 11:44,06/05/2024 11:44,https://www.virustotal.com/gui/url/aHR0cDovL2NuY2RldmVsb3BtZW50Lm9yZy9iOWRqczJnL0xvZ2luLnBocA
http://154.216.18.25/Gd85kkjf/Login.php,10,09/12/2024 20:42,30/08/2025 9:32,30/08/2025 9:32,https://www.virustotal.com/gui/url/aHR0cDovLzE1NC4yMTYuMTguMjUvR2Q4NWtramYvTG9naW4ucGhw
https://krakenlpay.com/8jfgndS3d/Login.php,13,23/12/2024 17:54,30/08/2025 9:32,30/08/2025 9:32,https://www.virustotal.com/gui/url/aHR0cHM6Ly9rcmFrZW5scGF5LmNvbS84amZnbmRTM2QvTG9naW4ucGhw
http://185.215.113.26/Dem7kTu/Login.php,12,22/09/2024 19:53,01/09/2025 12:27,01/09/2025 12:27,https://www.virustotal.com/gui/url/aHR0cDovLzE4NS4yMTUuMTEzLjI2L0RlbTdrVHUvTG9naW4ucGhw
http://45.202.35.101/pLQvfD4d/index.php,11,18/09/2024 7:51,07/09/2025 11:20,07/09/2025 11:20,https://www.virustotal.com/gui/url/aHR0cDovLzQ1LjIwMi4zNS4xMDEvcExRdmZENGQvaW5kZXgucGhw
http://209.222.98.27/Yb8smZfu3/index.php,0,12/10/2024 15:44,12/10/2024 15:44,12/10/2024 15:44,https://www.virustotal.com/gui/url/aHR0cDovLzIwOS4yMjIuOTguMjcvWWI4c21aZnUzL2luZGV4LnBocA
http://78.153.139.168/gfj38cHcw/Login.php,9,02/11/2024 9:46,11/08/2025 22:47,11/08/2025 22:47,https://www.virustotal.com/gui/url/aHR0cDovLzc4LjE1My4xMzkuMTY4L2dmajM4Y0hjdy9Mb2dpbi5waHA
http://193.233.132.56/Pneh2sXQk0/index.php,11,03/03/2024 12:58,17/08/2025 6:34,17/08/2025 6:34,https://www.virustotal.com/gui/url/aHR0cDovLzE5My4yMzMuMTMyLjU2L1BuZWgyc1hRazAvaW5kZXgucGhw
http://31.41.244.12/Dem7kTu/Login.php,1,18/08/2024 13:37,18/08/2024 13:37,18/08/2024 13:37,https://www.virustotal.com/gui/url/aHR0cDovLzMxLjQxLjI0NC4xMi9EZW03a1R1L0xvZ2luLnBocA
http://79.137.192.15/n9djvSc3x/index.php,12,15/07/2024 20:25,01/08/2025 21:03,01/08/2025 21:03,https://www.virustotal.com/gui/url/aHR0cDovLzc5LjEzNy4xOTIuMTUvbjlkanZTYzN4L2luZGV4LnBocA
http://185.156.72.97/te4h2nus/index.php,5,27/05/2025 2:59,27/05/2025 17:00,27/05/2025 17:00,https://www.virustotal.com/gui/url/aHR0cDovLzE4NS4xNTYuNzIuOTcvdGU0aDJudXMvaW5kZXgucGhw
http://o7labs.top/online/support/index.php,12,20/06/2024 14:39,21/08/2025 2:07,21/08/2025 2:07,https://www.virustotal.com/gui/url/aHR0cDovL283bGFicy50b3Avb25saW5lL3N1cHBvcnQvaW5kZXgucGhw
http://77.91.77.82/Hun4Ko/index.php,11,27/06/2024 11:16,28/08/2025 15:17,28/08/2025 15:17,https://www.virustotal.com/gui/url/aHR0cDovLzc3LjkxLjc3LjgyL0h1bjRLby9pbmRleC5waHA
http://o7labs.top/online/support/Login.php,13,02/07/2024 19:23,30/08/2025 9:32,30/08/2025 9:32,https://www.virustotal.com/gui/url/aHR0cDovL283bGFicy50b3Avb25saW5lL3N1cHBvcnQvTG9naW4ucGhw
http://147.45.47.155/ku4Nor9/Login.php,14,05/07/2024 1:12,01/09/2025 12:27,01/09/2025 12:27,https://www.virustotal.com/gui/url/aHR0cDovLzE0Ny40NS40Ny4xNTUva3U0Tm9yOS9Mb2dpbi5waHA
http://185.196.8.126/h9fmdW7/Login.php,13,15/07/2024 16:42,01/09/2025 12:27,01/09/2025 12:27,https://www.virustotal.com/gui/url/aHR0cDovLzE4NS4xOTYuOC4xMjYvaDlmbWRXNy9Mb2dpbi5waHA
http://176.46.157.50/tu3d2rom/Login.php,20,06/07/2025 1:00,04/09/2025 22:47,04/09/2025 22:47,https://www.virustotal.com/gui/url/aHR0cDovLzE3Ni40Ni4xNTcuNTAvdHUzZDJyb20vTG9naW4ucGhw
http://193.233.132.139/sev56rkm/index.php,16,22/04/2024 14:21,18/07/2024 21:50,18/07/2024 21:50,https://www.virustotal.com/gui/url/aHR0cDovLzE5My4yMzMuMTMyLjEzOS9zZXY1NnJrbS9pbmRleC5waHA
http://45.141.233.196/ho4lu3dk/Login.php,20,31/07/2025 13:01,31/08/2025 1:04,31/08/2025 1:04,https://www.virustotal.com/gui/url/aHR0cDovLzQ1LjE0MS4yMzMuMTk2L2hvNGx1M2RrL0xvZ2luLnBocA
http://94.154.35.25/di9ku38f/index.php,19,23/07/2025 12:07,16/09/2025 1:51,16/09/2025 1:51,https://www.virustotal.com/gui/url/aHR0cDovLzk0LjE1NC4zNS4yNS9kaTlrdTM4Zi9pbmRleC5waHA
http://176.111.174.140/t9bdjZsL2/index.php,14,17/10/2024 18:40,10/09/2025 8:32,10/09/2025 8:32,https://www.virustotal.com/gui/url/aHR0cDovLzE3Ni4xMTEuMTc0LjE0MC90OWJkalpzTDIvaW5kZXgucGhw
http://pleasurecanbesafe.com/7vAficZogD/Login.php,17,14/03/2024 3:02,04/10/2024 9:13,04/10/2024 9:13,https://www.virustotal.com/gui/url/aHR0cDovL3BsZWFzdXJlY2FuYmVzYWZlLmNvbS83dkFmaWNab2dEL0xvZ2luLnBocA
http://second.amadgood.com/jd9dd3Vw/Login.php,13,13/12/2023 13:12,29/04/2024 11:43,29/04/2024 11:43,https://www.virustotal.com/gui/url/aHR0cDovL3NlY29uZC5hbWFkZ29vZC5jb20vamQ5ZGQzVncvTG9naW4ucGhw
http://5.42.64.44/BlsSwk93eX/Login.php,11,10/02/2024 20:17,17/08/2025 11:48,17/08/2025 11:48,https://www.virustotal.com/gui/url/aHR0cDovLzUuNDIuNjQuNDQvQmxzU3drOTNlWC9Mb2dpbi5waHA
http://91.92.242.139/Pneh2sXQk0/Login.php,13,04/03/2024 21:27,17/08/2025 11:48,17/08/2025 11:48,https://www.virustotal.com/gui/url/aHR0cDovLzkxLjkyLjI0Mi4xMzkvUG5laDJzWFFrMC9Mb2dpbi5waHA
http://cncdevelopment.boo/b9djs2g/Login.php,12,04/10/2023 12:46,06/05/2024 11:44,06/05/2024 11:44,https://www.virustotal.com/gui/url/aHR0cDovL2NuY2RldmVsb3BtZW50LmJvby9iOWRqczJnL0xvZ2luLnBocA
https://store3.gofile.io/download/direct/48947780-99ff-4028-89ef-e25e727da8a9/send.exe,0,30/01/2025 16:02,30/01/2025 16:02,30/01/2025 16:02,https://www.virustotal.com/gui/url/aHR0cHM6Ly9zdG9yZTMuZ29maWxlLmlvL2Rvd25sb2FkL2RpcmVjdC80ODk0Nzc4MC05OWZmLTQwMjgtODllZi1lMjVlNzI3ZGE4YTkvc2VuZC5leGU
http://store2.gofile.io/download/direct/71c892fe-adb9-420d-98e5-783a8fc26522/generator.zip,0,20/01/2025 10:12,20/01/2025 10:12,20/01/2025 10:12,https://www.virustotal.com/gui/url/aHR0cDovL3N0b3JlMi5nb2ZpbGUuaW8vZG93bmxvYWQvZGlyZWN0LzcxYzg5MmZlLWFkYjktNDIwZC05OGU1LTc4M2E4ZmMyNjUyMi9nZW5lcmF0b3Iuemlw
https://store2.gofile.io/download/direct/71c892fe-adb9-420d-98e5-783a8fc26522/generator.zip,0,20/01/2025 10:13,20/01/2025 10:13,20/01/2025 10:13,https://www.virustotal.com/gui/url/aHR0cHM6Ly9zdG9yZTIuZ29maWxlLmlvL2Rvd25sb2FkL2RpcmVjdC83MWM4OTJmZS1hZGI5LTQyMGQtOThlNS03ODNhOGZjMjY1MjIvZ2VuZXJhdG9yLnppcA
https://i.imgur.com/HCYQoVR.jpeg,2,31/12/2024 9:57,30/07/2025 10:51,30/07/2025 10:51,https://www.virustotal.com/gui/url/aHR0cHM6Ly9pLmltZ3VyLmNvbS9IQ1lRb1ZSLmpwZWc
https://cold-na-phx-1.gofile.io/download/direct/71c892fe-adb9-420d-98e5-783a8fc26522/generator.zip,0,20/01/2025 10:13,20/01/2025 10:13,20/01/2025 10:13,https://www.virustotal.com/gui/url/aHR0cHM6Ly9jb2xkLW5hLXBoeC0xLmdvZmlsZS5pby9kb3dubG9hZC9kaXJlY3QvNzFjODkyZmUtYWRiOS00MjBkLTk4ZTUtNzgzYThmYzI2NTIyL2dlbmVyYXRvci56aXA
https://store1.gofile.io/download/direct/88185441-9c1d-4dca-881c-20f05c4e5f65/buildML.zip,0,30/01/2025 10:58,30/01/2025 10:58,30/01/2025 10:58,https://www.virustotal.com/gui/url/aHR0cHM6Ly9zdG9yZTEuZ29maWxlLmlvL2Rvd25sb2FkL2RpcmVjdC84ODE4NTQ0MS05YzFkLTRkY2EtODgxYy0yMGYwNWM0ZTVmNjUvYnVpbGRNTC56aXA
https://170.254.185.1/,1,17/07/2022 19:02,16/09/2025 17:27,16/09/2025 17:27,https://www.virustotal.com/gui/url/aHR0cHM6Ly8xNzAuMjU0LjE4NS4xLw
http://www.burgerking.ru/,0,23/04/2014 12:32,28/03/2022 9:56,28/03/2022 9:56,https://www.virustotal.com/gui/url/aHR0cDovL3d3dy5idXJnZXJraW5nLnJ1Lw
http://commapi.gamemarket.kr/,0,01/04/2024 16:57,01/04/2024 16:57,01/04/2024 16:57,https://www.virustotal.com/gui/url/aHR0cDovL2NvbW1hcGkuZ2FtZW1hcmtldC5rci8
http://ec2-54-150-26-198.ap-northeast-1.compute.amazonaws.com/,0,23/01/2025 4:02,23/01/2025 4:02,23/01/2025 4:02,https://www.virustotal.com/gui/url/aHR0cDovL2VjMi01NC0xNTAtMjYtMTk4LmFwLW5vcnRoZWFzdC0xLmNvbXB1dGUuYW1hem9uYXdzLmNvbS8
https://70.34.214.250/,2,23/02/2023 17:50,16/09/2025 19:28,16/09/2025 19:28,https://www.virustotal.com/gui/url/aHR0cHM6Ly83MC4zNC4yMTQuMjUwLw
https://138.68.50.218/,10,06/07/2022 11:01,02/09/2025 15:48,02/09/2025 15:48,https://www.virustotal.com/gui/url/aHR0cHM6Ly8xMzguNjguNTAuMjE4Lw
https://45.76.155.71/,4,06/07/2022 11:01,02/09/2025 14:47,02/09/2025 14:47,https://www.virustotal.com/gui/url/aHR0cHM6Ly80NS43Ni4xNTUuNzEv
https://142.93.230.121/,3,23/02/2023 17:50,16/09/2025 17:40,16/09/2025 17:40,https://www.virustotal.com/gui/url/aHR0cHM6Ly8xNDIuOTMuMjMwLjEyMS8
http://54.65.227.196/,6,17/07/2025 18:10,07/09/2025 5:45,07/09/2025 5:45,https://www.virustotal.com/gui/url/aHR0cDovLzU0LjY1LjIyNy4xOTYv
http://54.168.191.225/,6,20/07/2025 6:12,07/09/2025 5:45,07/09/2025 5:45,https://www.virustotal.com/gui/url/aHR0cDovLzU0LjE2OC4xOTEuMjI1Lw
https://188.166.230.164/,2,23/02/2023 17:50,16/09/2025 19:08,16/09/2025 19:08,https://www.virustotal.com/gui/url/aHR0cHM6Ly8xODguMTY2LjIzMC4xNjQv
http://biata2020.spbu.ru/wp-content/themes/conference-pro-2.0.13/assets/css/session3bea.css?ver=5.6.7,0,19/09/2025 4:27,19/09/2025 4:27,19/09/2025 4:27,https://www.virustotal.com/gui/url/aHR0cDovL2JpYXRhMjAyMC5zcGJ1LnJ1L3dwLWNvbnRlbnQvdGhlbWVzL2NvbmZlcmVuY2UtcHJvLTIuMC4xMy9hc3NldHMvY3NzL3Nlc3Npb24zYmVhLmNzcz92ZXI9NS42Ljc
http://chebyshev.spbu.ru/en,0,26/01/2019 16:42,26/01/2019 16:42,26/01/2019 16:42,https://www.virustotal.com/gui/url/aHR0cDovL2NoZWJ5c2hldi5zcGJ1LnJ1L2Vu
http://philosophyjournal.spbu.ru/app/etc/env.bak,0,19/09/2025 4:54,19/09/2025 4:54,19/09/2025 4:54,https://www.virustotal.com/gui/url/aHR0cDovL3BoaWxvc29waHlqb3VybmFsLnNwYnUucnUvYXBwL2V0Yy9lbnYuYmFr
https://45.137.117.219/,1,14/04/2023 21:21,02/09/2025 13:51,02/09/2025 13:51,https://www.virustotal.com/gui/url/aHR0cHM6Ly80NS4xMzcuMTE3LjIxOS8
https://152.67.78.82/,3,07/09/2022 9:15,16/09/2025 17:20,16/09/2025 17:20,https://www.virustotal.com/gui/url/aHR0cHM6Ly8xNTIuNjcuNzguODIv
https://194.29.186.67/,2,06/07/2022 11:01,02/09/2025 16:43,02/09/2025 16:43,https://www.virustotal.com/gui/url/aHR0cHM6Ly8xOTQuMjkuMTg2LjY3Lw
http://ec2-13-113-63-238.ap-northeast-1.compute.amazonaws.com/,0,23/01/2025 4:02,23/01/2025 4:02,23/01/2025 4:02,https://www.virustotal.com/gui/url/aHR0cDovL2VjMi0xMy0xMTMtNjMtMjM4LmFwLW5vcnRoZWFzdC0xLmNvbXB1dGUuYW1hem9uYXdzLmNvbS8
https://165.227.56.111/,2,15/10/2021 16:08,22/04/2025 5:49,22/04/2025 5:49,https://www.virustotal.com/gui/url/aHR0cHM6Ly8xNjUuMjI3LjU2LjExMS8
https://164.90.181.205/,2,23/02/2023 17:53,16/09/2025 17:56,16/09/2025 17:56,https://www.virustotal.com/gui/url/aHR0cHM6Ly8xNjQuOTAuMTgxLjIwNS8
https://94.102.49.64/,5,11/01/2020 15:05,02/09/2025 14:58,02/09/2025 14:58,https://www.virustotal.com/gui/url/aHR0cHM6Ly85NC4xMDIuNDkuNjQv
https://34.250.32.179/,2,23/02/2023 17:50,04/04/2025 17:33,04/04/2025 17:33,https://www.virustotal.com/gui/url/aHR0cHM6Ly8zNC4yNTAuMzIuMTc5Lw
https://54.194.184.233/,2,23/02/2023 17:50,04/04/2025 17:33,04/04/2025 17:33,https://www.virustotal.com/gui/url/aHR0cHM6Ly81NC4xOTQuMTg0LjIzMy8
https://146.190.225.79/,2,04/10/2022 1:02,16/09/2025 18:04,16/09/2025 18:04,https://www.virustotal.com/gui/url/aHR0cHM6Ly8xNDYuMTkwLjIyNS43OS8
https://70.34.214.250:8443/,3,17/08/2022 23:36,17/08/2022 23:36,17/08/2022 23:36,https://www.virustotal.com/gui/url/aHR0cHM6Ly83MC4zNC4yMTQuMjUwOjg0NDMv
https://cloud01.topsite.nl/,0,29/07/2024 9:30,07/08/2024 8:18,07/08/2024 8:18,https://www.virustotal.com/gui/url/aHR0cHM6Ly9jbG91ZDAxLnRvcHNpdGUubmwv
https://213.199.35.149/,6,26/04/2024 19:00,02/09/2025 15:06,02/09/2025 15:06,https://www.virustotal.com/gui/url/aHR0cHM6Ly8yMTMuMTk5LjM1LjE0OS8
https://46.8.221.19/,3,08/03/2024 7:00,02/09/2025 16:46,02/09/2025 16:46,https://www.virustotal.com/gui/url/aHR0cHM6Ly80Ni44LjIyMS4xOS8
https://185.198.26.229/,2,08/07/2022 2:47,16/09/2025 20:02,16/09/2025 20:02,https://www.virustotal.com/gui/url/aHR0cHM6Ly8xODUuMTk4LjI2LjIyOS8
https://20.238.80.130/,0,23/02/2023 17:52,22/04/2025 5:50,22/04/2025 5:50,https://www.virustotal.com/gui/url/aHR0cHM6Ly8yMC4yMzguODAuMTMwLw
http://159.65.114.157/,1,23/02/2023 17:50,16/09/2025 19:10,16/09/2025 19:10,https://www.virustotal.com/gui/url/aHR0cDovLzE1OS42NS4xMTQuMTU3Lw
https://54.229.102.30/,3,06/07/2022 14:34,29/03/2025 15:07,29/03/2025 15:07,https://www.virustotal.com/gui/url/aHR0cHM6Ly81NC4yMjkuMTAyLjMwLw
https://3.99.59.202/,0,03/08/2022 1:59,18/09/2025 11:55,18/09/2025 11:55,https://www.virustotal.com/gui/url/aHR0cHM6Ly8zLjk5LjU5LjIwMi8
https://44.204.63.95/,1,14/09/2022 8:15,03/07/2025 20:43,03/07/2025 20:43,https://www.virustotal.com/gui/url/aHR0cHM6Ly80NC4yMDQuNjMuOTUv
https://144.76.110.53/,1,23/02/2023 17:12,16/09/2025 17:12,16/09/2025 17:12,https://www.virustotal.com/gui/url/aHR0cHM6Ly8xNDQuNzYuMTEwLjUzLw
https://104.6.92.229/,9,21/11/2021 8:15,16/09/2025 19:58,16/09/2025 19:58,https://www.virustotal.com/gui/url/aHR0cHM6Ly8xMDQuNi45Mi4yMjkv
http://18.193.241.248/,0,23/02/2023 17:44,04/04/2025 17:33,04/04/2025 17:33,https://www.virustotal.com/gui/url/aHR0cDovLzE4LjE5My4yNDEuMjQ4Lw
http://54.250.116.148/,3,03/03/2023 16:12,26/07/2025 2:16,26/07/2025 2:16,https://www.virustotal.com/gui/url/aHR0cDovLzU0LjI1MC4xMTYuMTQ4Lw
http://149.28.251.203/,6,27/01/2023 14:11,17/08/2025 19:01,17/08/2025 19:01,https://www.virustotal.com/gui/url/aHR0cDovLzE0OS4yOC4yNTEuMjAzLw
http://kids.lc.spbu.ru/,0,27/01/2019 5:36,27/01/2019 5:36,27/01/2019 5:36,https://www.virustotal.com/gui/url/aHR0cDovL2tpZHMubGMuc3BidS5ydS8
http://ec2-52-68-181-183.ap-northeast-1.compute.amazonaws.com/,0,27/02/2025 17:40,27/02/2025 17:40,27/02/2025 17:40,https://www.virustotal.com/gui/url/aHR0cDovL2VjMi01Mi02OC0xODEtMTgzLmFwLW5vcnRoZWFzdC0xLmNvbXB1dGUuYW1hem9uYXdzLmNvbS8
https://161.35.207.164/,1,23/02/2023 17:02,22/04/2025 5:45,22/04/2025 5:45,https://www.virustotal.com/gui/url/aHR0cHM6Ly8xNjEuMzUuMjA3LjE2NC8
https://216.250.96.208/,2,06/07/2022 10:26,16/09/2025 17:57,16/09/2025 17:57,https://www.virustotal.com/gui/url/aHR0cHM6Ly8yMTYuMjUwLjk2LjIwOC8
https://13.82.141.216/,4,08/07/2022 14:26,03/07/2025 20:43,03/07/2025 20:43,https://www.virustotal.com/gui/url/aHR0cHM6Ly8xMy44Mi4xNDEuMjE2Lw
https://146.70.44.226/,3,31/07/2022 18:50,16/09/2025 18:36,16/09/2025 18:36,https://www.virustotal.com/gui/url/aHR0cHM6Ly8xNDYuNzAuNDQuMjI2Lw
https://94.130.130.43/,3,06/07/2022 11:01,02/09/2025 15:06,02/09/2025 15:06,https://www.virustotal.com/gui/url/aHR0cHM6Ly85NC4xMzAuMTMwLjQzLw
https://45.76.184.69/,0,23/02/2023 17:01,22/04/2025 5:45,22/04/2025 5:45,https://www.virustotal.com/gui/url/aHR0cHM6Ly80NS43Ni4xODQuNjkv
https://18.223.102.12/,0,23/02/2023 17:30,22/04/2025 5:47,22/04/2025 5:47,https://www.virustotal.com/gui/url/aHR0cHM6Ly8xOC4yMjMuMTAyLjEyLw
http://cloud01.topsite.nl/,0,29/07/2024 13:51,27/11/2024 21:39,27/11/2024 21:39,https://www.virustotal.com/gui/url/aHR0cDovL2Nsb3VkMDEudG9wc2l0ZS5ubC8
http://13.113.189.83/,1,18/03/2024 18:55,03/07/2025 20:43,03/07/2025 20:43,https://www.virustotal.com/gui/url/aHR0cDovLzEzLjExMy4xODkuODMv
https://3.25.71.170/,0,23/02/2023 17:20,22/04/2025 5:47,22/04/2025 5:47,https://www.virustotal.com/gui/url/aHR0cHM6Ly8zLjI1LjcxLjE3MC8
http://35.73.247.226/,1,14/09/2024 7:20,04/04/2025 17:33,04/04/2025 17:33,https://www.virustotal.com/gui/url/aHR0cDovLzM1LjczLjI0Ny4yMjYv
http://685c3ad9.widget.windsorbongvape.com/pixel.png,7,10/07/2022 11:43,10/07/2022 11:43,10/07/2022 11:43,https://www.virustotal.com/gui/url/aHR0cDovLzY4NWMzYWQ5LndpZGdldC53aW5kc29yYm9uZ3ZhcGUuY29tL3BpeGVsLnBuZw
http://4a464d29.schedule.newhomessection.com/pixel.png,3,30/08/2022 7:02,30/08/2022 7:02,30/08/2022 7:02,https://www.virustotal.com/gui/url/aHR0cDovLzRhNDY0ZDI5LnNjaGVkdWxlLm5ld2hvbWVzc2VjdGlvbi5jb20vcGl4ZWwucG5n
http://lockbitapo3wkqddx2ka7t45hejurybzzjpos4cpeliudgv35kkizrid.onion,11,19/12/2024 4:32,05/09/2025 20:59,05/09/2025 20:59,https://www.virustotal.com/gui/url/aHR0cDovL2xvY2tiaXRhcG8zd2txZGR4MmthN3Q0NWhlanVyeWJ6empwb3M0Y3BlbGl1ZGd2MzVra2l6cmlkLm9uaW9u
http://lockbitapiahy43zttdhslabjvx4q6k24xx7r33qtcvwqehmnnqxy3yd.onion,9,19/12/2024 4:32,27/06/2025 3:35,27/06/2025 3:35,https://www.virustotal.com/gui/url/aHR0cDovL2xvY2tiaXRhcGlhaHk0M3p0dGRoc2xhYmp2eDRxNmsyNHh4N3IzM3F0Y3Z3cWVobW5ucXh5M3lkLm9uaW9u
http://lockbitspyakyequybgwgwauhzqxx7ba2gh3lmlj3zyeuaknrexdzfid.onion,11,19/12/2024 18:46,05/09/2025 19:36,05/09/2025 19:36,https://www.virustotal.com/gui/url/aHR0cDovL2xvY2tiaXRzcHlha3llcXV5Ymd3Z3dhdWh6cXh4N2JhMmdoM2xtbGozenlldWFrbnJleGR6ZmlkLm9uaW9u
http://lockbitspxgtf65ej7uu5h7qtephbevcsc2sk2brxzmt754etrrzhdqd.onion,10,19/12/2024 18:46,12/09/2025 12:53,12/09/2025 12:53,https://www.virustotal.com/gui/url/aHR0cDovL2xvY2tiaXRzcHhndGY2NWVqN3V1NWg3cXRlcGhiZXZjc2Myc2syYnJ4em10NzU0ZXRycnpoZHFkLm9uaW9u
http://lockbitsptqsmaf56cmo7bieqwh5htlsfkodpahsaurxlquoz67zwrad.onion,10,19/12/2024 18:46,09/09/2025 15:53,09/09/2025 15:53,https://www.virustotal.com/gui/url/aHR0cDovL2xvY2tiaXRzcHRxc21hZjU2Y21vN2JpZXF3aDVodGxzZmtvZHBhaHNhdXJ4bHF1b3o2N3p3cmFkLm9uaW9u
http://lockbitapp24bvbi43n3qmtfcasf2veaeagjxatgbwtxnsh5w32mljad.onion,9,19/12/2024 4:32,11/09/2025 11:55,11/09/2025 11:55,https://www.virustotal.com/gui/url/aHR0cDovL2xvY2tiaXRhcHAyNGJ2Ymk0M24zcW10ZmNhc2YydmVhZWFnanhhdGdid3R4bnNoNXczMm1samFkLm9uaW9u
http://lockbitspudgjptrzadjzi7b4n2nw3yq6aqqqqw6wbrrjkr2ffuhkhyd.onion,12,19/12/2024 18:46,11/09/2025 20:06,11/09/2025 20:06,https://www.virustotal.com/gui/url/aHR0cDovL2xvY2tiaXRzcHVkZ2pwdHJ6YWRqemk3YjRuMm53M3lxNmFxcXFxdzZ3YnJyamtyMmZmdWhraHlkLm9uaW9u
http://lockbitapyum2wks2lbcnrovcgxj7ne3ua7hhcmshh3s3ajtpookohqd.onion,12,19/12/2024 4:32,21/08/2025 11:53,21/08/2025 11:53,https://www.virustotal.com/gui/url/aHR0cDovL2xvY2tiaXRhcHl1bTJ3a3MybGJjbnJvdmNneGo3bmUzdWE3aGhjbXNoaDNzM2FqdHBvb2tvaHFkLm9uaW9u
http://lockbitapyx2kr5b7ma7qn6ziwqgbrij2czhcbojuxmgnwpkgv2yx2yd.onion,12,19/12/2024 4:32,31/07/2025 18:42,31/07/2025 18:42,https://www.virustotal.com/gui/url/aHR0cDovL2xvY2tiaXRhcHl4MmtyNWI3bWE3cW42eml3cWdicmlqMmN6aGNib2p1eG1nbndwa2d2Mnl4MnlkLm9uaW9u
http://fmtvvg3x5rs7tagzcytmfmffnihnte6gllkljufyz534hfpqhfyg2dad.onion,1,19/12/2024 18:46,06/09/2025 5:55,06/09/2025 5:55,https://www.virustotal.com/gui/url/aHR0cDovL2ZtdHZ2ZzN4NXJzN3RhZ3pjeXRtZm1mZm5paG50ZTZnbGxrbGp1Znl6NTM0aGZwcWhmeWcyZGFkLm9uaW9u
http://lockbitspxmqqfi6bw4y7f5psnpoaakhlisdx33busmnpgtimart5fad.onion,11,19/12/2024 18:46,30/08/2025 10:57,30/08/2025 10:57,https://www.virustotal.com/gui/url/aHR0cDovL2xvY2tiaXRzcHhtcXFmaTZidzR5N2Y1cHNucG9hYWtobGlzZHgzM2J1c21ucGd0aW1hcnQ1ZmFkLm9uaW9u
http://lockbit7z3hv7ev5knxbrhsvv2mmu2rddwqizdz4vwfvxt5izrq6zqqd.onion/,1,04/07/2022 8:50,10/09/2025 9:54,10/09/2025 9:54,https://www.virustotal.com/gui/url/aHR0cDovL2xvY2tiaXQ3ejNodjdldjVrbnhicmhzdnYybW11MnJkZHdxaXpkejR2d2Z2eHQ1aXpycTZ6cXFkLm9uaW9uLw
http://lockbit7z6f3gu6rjvrysn5gjbsqj3hk3bvsg64ns6pjldqr2xhvhsyd.onion/,1,04/07/2022 8:50,30/08/2025 2:57,30/08/2025 2:57,https://www.virustotal.com/gui/url/aHR0cDovL2xvY2tiaXQ3ejZmM2d1NnJqdnJ5c241Z2pic3FqM2hrM2J2c2c2NG5zNnBqbGRxcjJ4aHZoc3lkLm9uaW9uLw
http://lockbit7z5hwf6ywfuzipoa42tjlmal3x5suuccngsamsgklww2xgyqd.onion/,1,04/07/2022 8:50,23/06/2025 20:58,23/06/2025 20:58,https://www.virustotal.com/gui/url/aHR0cDovL2xvY2tiaXQ3ejVod2Y2eXdmdXppcG9hNDJ0amxtYWwzeDVzdXVjY25nc2Ftc2drbHd3MnhneXFkLm9uaW9uLw
http://lockbit7z3ddvg5vuez2vznt73ljqgwx5tnuqaa2ye7lns742yiv2zyd.onion/,1,04/07/2022 8:50,20/08/2025 4:54,20/08/2025 4:54,https://www.virustotal.com/gui/url/aHR0cDovL2xvY2tiaXQ3ejNkZHZnNXZ1ZXoydnpudDczbGpxZ3d4NXRudXFhYTJ5ZTdsbnM3NDJ5aXYyenlkLm9uaW9uLw
http://lockbit7z4cgxvictidwfxpuiov4scdw34nxotmbdjyxpkvkg34mykyd.onion/,1,04/07/2022 8:50,04/09/2025 6:55,04/09/2025 6:55,https://www.virustotal.com/gui/url/aHR0cDovL2xvY2tiaXQ3ejRjZ3h2aWN0aWR3ZnhwdWlvdjRzY2R3MzRueG90bWJkanl4cGt2a2czNG15a3lkLm9uaW9uLw
http://lockbit435xk3ki62yun7z5nhwz6jyjdp2c64j5vge536if2eny3gtid.onion/,10,25/02/2024 12:37,17/09/2025 16:52,17/09/2025 16:52,https://www.virustotal.com/gui/url/aHR0cDovL2xvY2tiaXQ0MzV4azNraTYyeXVuN3o1bmh3ejZqeWpkcDJjNjRqNXZnZTUzNmlmMmVueTNndGlkLm9uaW9uLw
http://lockbit6knrauo3qafoksvl742vieqbujxw7rd6ofzdtapjb4rrawqad.onion/,9,25/02/2024 12:37,27/06/2025 3:35,27/06/2025 3:35,https://www.virustotal.com/gui/url/aHR0cDovL2xvY2tiaXQ2a25yYXVvM3FhZm9rc3ZsNzQydmllcWJ1anh3N3JkNm9memR0YXBqYjRycmF3cWFkLm9uaW9uLw
http://lockbitaa46gwjck2xzmi2xops6x4x3aqn6ez7yntitero2k7ae6yoyd.onion/,1,27/02/2024 2:02,06/11/2024 10:24,06/11/2024 10:24,https://www.virustotal.com/gui/url/aHR0cDovL2xvY2tiaXRhYTQ2Z3dqY2syeHptaTJ4b3BzNng0eDNhcW42ZXo3eW50aXRlcm8yazdhZTZ5b3lkLm9uaW9uLw
http://lockbit7z5ltrhzv46lsg447o3cx2637dloc3qt4ugd3gr2xdkkkeayd.onion/,0,04/07/2022 8:50,08/09/2025 19:55,08/09/2025 19:55,https://www.virustotal.com/gui/url/aHR0cDovL2xvY2tiaXQ3ejVsdHJoenY0NmxzZzQ0N28zY3gyNjM3ZGxvYzNxdDR1Z2QzZ3IyeGRra2tlYXlkLm9uaW9uLw
http://lockbit7z4k5zer5fbqi2vdq5sx2vuggatwyqvoodrkhubxftyrvncid.onion/,1,04/07/2022 8:50,19/07/2025 20:28,19/07/2025 20:28,https://www.virustotal.com/gui/url/aHR0cDovL2xvY2tiaXQ3ejRrNXplcjVmYnFpMnZkcTVzeDJ2dWdnYXR3eXF2b29kcmtodWJ4ZnR5cnZuY2lkLm9uaW9uLw
http://lockbit7z37ntefjdbjextn6tmdkry4j546ejnru5cejeguitiopvhad.onion/,1,04/07/2022 8:50,20/08/2025 4:56,20/08/2025 4:56,https://www.virustotal.com/gui/url/aHR0cDovL2xvY2tiaXQ3ejM3bnRlZmpkYmpleHRuNnRtZGtyeTRqNTQ2ZWpucnU1Y2VqZWd1aXRpb3B2aGFkLm9uaW9uLw
http://lockbit3olp7oetlc4tl5zydnoluphh7fvdt5oa6arcp2757r7xkutid.onion/,8,25/02/2024 12:37,19/08/2025 15:18,19/08/2025 15:18,https://www.virustotal.com/gui/url/aHR0cDovL2xvY2tiaXQzb2xwN29ldGxjNHRsNXp5ZG5vbHVwaGg3ZnZkdDVvYTZhcmNwMjc1N3I3eGt1dGlkLm9uaW9uLw
http://lockbit7z55tuwaflw2c7torcryobdvhkcgvivhflyndyvcrexafssad.onion/,1,28/06/2022 23:38,21/08/2025 3:52,21/08/2025 3:52,https://www.virustotal.com/gui/url/aHR0cDovL2xvY2tiaXQ3ejU1dHV3YWZsdzJjN3RvcmNyeW9iZHZoa2Nndml2aGZseW5keXZjcmV4YWZzc2FkLm9uaW9uLw
http://lockbit5eevg7vec4vwwtzgkl4kulap6oxbic2ye4mnmlq6njnpc47qd.onion/,0,27/02/2024 2:02,25/07/2025 16:43,25/07/2025 16:43,https://www.virustotal.com/gui/url/aHR0cDovL2xvY2tiaXQ1ZWV2Zzd2ZWM0dnd3dHpna2w0a3VsYXA2b3hiaWMyeWU0bW5tbHE2bmpucGM0N3FkLm9uaW9uLw
http://lockbitcuo23q7qrymbk6dsp2sadltspjvjxgcyp4elbnbr6tcnwq7qd.onion/,1,27/02/2024 2:02,14/09/2025 2:55,14/09/2025 2:55,https://www.virustotal.com/gui/url/aHR0cDovL2xvY2tiaXRjdW8yM3E3cXJ5bWJrNmRzcDJzYWRsdHNwanZqeGdjeXA0ZWxibmJyNnRjbndxN3FkLm9uaW9uLw
http://lockbit74beza5z3e3so7qmjnvlgoemscp7wtp33xo7xv7f7xtlqbkqd.onion/,1,27/02/2024 2:02,06/11/2024 9:45,06/11/2024 9:45,https://www.virustotal.com/gui/url/aHR0cDovL2xvY2tiaXQ3NGJlemE1ejNlM3NvN3Ftam52bGdvZW1zY3A3d3RwMzN4bzd4djdmN3h0bHFia3FkLm9uaW9uLw
http://lockbit7a2g6ve7etbcy6iyizjnuleffz4szgmxaawcbfauluavi5jqd.onion/,1,27/02/2024 2:02,06/11/2024 10:24,06/11/2024 10:24,https://www.virustotal.com/gui/url/aHR0cDovL2xvY2tiaXQ3YTJnNnZlN2V0YmN5Nml5aXpqbnVsZWZmejRzemdteGFhd2NiZmF1bHVhdmk1anFkLm9uaW9uLw
http://lockbitapt6vx57t3eeqjofwgcglmutr3a35nygvokja5uuccip4ykyd.onion/,12,03/07/2021 20:33,06/09/2025 5:23,06/09/2025 5:23,https://www.virustotal.com/gui/url/aHR0cDovL2xvY2tiaXRhcHQ2dng1N3QzZWVxam9md2djZ2xtdXRyM2EzNW55Z3Zva2phNXV1Y2NpcDR5a3lkLm9uaW9uLw
http://lockbit7z3azdoxdpqxzliszutufbc2fldagztdu47xyucp25p4xtqad.onion/,1,04/07/2022 8:50,19/07/2025 20:28,19/07/2025 20:28,https://www.virustotal.com/gui/url/aHR0cDovL2xvY2tiaXQ3ejNhemRveGRwcXh6bGlzenV0dWZiYzJmbGRhZ3p0ZHU0N3h5dWNwMjVwNHh0cWFkLm9uaW9uLw
http://lockbit7z5ehshj6gzpetw5kso3onts6ty7wrnneya5u4aj3vzkeoaqd.onion/,1,04/07/2022 8:50,27/07/2025 7:26,27/07/2025 7:26,https://www.virustotal.com/gui/url/aHR0cDovL2xvY2tiaXQ3ejVlaHNoajZnenBldHc1a3NvM29udHM2dHk3d3JubmV5YTV1NGFqM3Z6a2VvYXFkLm9uaW9uLw
http://lockbit7z36ynytxwjzuoao46ck7b3753gpedary3qvuizn3iczhe4id.onion/,1,04/07/2022 8:50,20/08/2025 4:56,20/08/2025 4:56,https://www.virustotal.com/gui/url/aHR0cDovL2xvY2tiaXQ3ejM2eW55dHh3anp1b2FvNDZjazdiMzc1M2dwZWRhcnkzcXZ1aXpuM2ljemhlNGlkLm9uaW9uLw
http://lockbit7z6choojah4ipvdpzzfzxxchjbecnmtn4povk6ifdvx2dpnid.onion/,1,04/07/2022 8:50,01/09/2025 0:57,01/09/2025 0:57,https://www.virustotal.com/gui/url/aHR0cDovL2xvY2tiaXQ3ejZjaG9vamFoNGlwdmRwenpmenh4Y2hqYmVjbm10bjRwb3ZrNmlmZHZ4MmRwbmlkLm9uaW9uLw
http://lockbit7z2jwcskxpbokpemdxmltipntwlkmidcll2qirbu7ykg46eyd.onion/,1,02/07/2022 9:37,28/08/2025 7:56,28/08/2025 7:56,https://www.virustotal.com/gui/url/aHR0cDovL2xvY2tiaXQ3ejJqd2Nza3hwYm9rcGVtZHhtbHRpcG50d2xrbWlkY2xsMnFpcmJ1N3lrZzQ2ZXlkLm9uaW9uLw
http://lockbit7z4ndl6thsct34yd47jrzdkpnfg3acfvpacuccb45pnars2ad.onion/,1,04/07/2022 8:50,03/09/2025 20:57,03/09/2025 20:57,https://www.virustotal.com/gui/url/aHR0cDovL2xvY2tiaXQ3ejRuZGw2dGhzY3QzNHlkNDdqcnpka3BuZmczYWNmdnBhY3VjY2I0NXBuYXJzMmFkLm9uaW9uLw
http://lockbit7z2mmiz3ryxafn5kapbvbbiywsxwovasfkgf5dqqp5kxlajad.onion/,4,04/07/2022 8:50,10/09/2025 4:56,10/09/2025 4:56,https://www.virustotal.com/gui/url/aHR0cDovL2xvY2tiaXQ3ejJtbWl6M3J5eGFmbjVrYXBidmJiaXl3c3h3b3Zhc2ZrZ2Y1ZHFxcDVreGxhamFkLm9uaW9uLw
http://lockbitb42tkml3ipianjbs6e33vhcshb7oxm2stubfvdzn3y2yqgbad.onion/,1,27/02/2024 2:02,06/11/2024 10:24,06/11/2024 10:24,https://www.virustotal.com/gui/url/aHR0cDovL2xvY2tiaXRiNDJ0a21sM2lwaWFuamJzNmUzM3ZoY3NoYjdveG0yc3R1YmZ2ZHpuM3kyeXFnYmFkLm9uaW9uLw
http://lockbit75naln4yj44rg6ez6vjmdcrt7up4kxmmmuvilcg4ak3zihxid.onion/,1,27/02/2024 2:02,06/11/2024 10:24,06/11/2024 10:24,https://www.virustotal.com/gui/url/aHR0cDovL2xvY2tiaXQ3NW5hbG40eWo0NHJnNmV6NnZqbWRjcnQ3dXA0a3htbW11dmlsY2c0YWszemloeGlkLm9uaW9uLw
http://lockbit7z6dqziutocr43onmvpth32njp4abfocfauk2belljjpobxyd.onion/,1,04/07/2022 8:50,07/09/2025 16:55,07/09/2025 16:55,https://www.virustotal.com/gui/url/aHR0cDovL2xvY2tiaXQ3ejZkcXppdXRvY3I0M29ubXZwdGgzMm5qcDRhYmZvY2ZhdWsyYmVsbGpqcG9ieHlkLm9uaW9uLw
http://lockbit7z6qinyhhmibvycu5kwmcvgrbpvtztkvvmdce5zwtucaeyrqd.onion/,1,04/07/2022 8:50,02/09/2025 1:57,02/09/2025 1:57,https://www.virustotal.com/gui/url/aHR0cDovL2xvY2tiaXQ3ejZxaW55aGhtaWJ2eWN1NWt3bWN2Z3JicHZ0enRrdnZtZGNlNXp3dHVjYWV5cnFkLm9uaW9uLw
http://lockbit3753ekiocyo5epmpy6klmejchjtzddoekjlnt6mu3qh4de2id.onion/,10,24/02/2024 22:56,07/08/2025 16:00,07/08/2025 16:00,https://www.virustotal.com/gui/url/aHR0cDovL2xvY2tiaXQzNzUzZWtpb2N5bzVlcG1weTZrbG1lamNoanR6ZGRvZWtqbG50Nm11M3FoNGRlMmlkLm9uaW9uLw
http://lockbit7ouvrsdgtojeoj5hvu6bljqtghitekwpdy3b6y62ixtsu5jqd.onion/,9,24/02/2024 21:28,25/08/2025 22:54,25/08/2025 22:54,https://www.virustotal.com/gui/url/aHR0cDovL2xvY2tiaXQ3b3V2cnNkZ3RvamVvajVodnU2YmxqcXRnaGl0ZWt3cGR5M2I2eTYyaXh0c3U1anFkLm9uaW9uLw
http://lockbit7z3ujnkhxwahhjduh5me2updvzxewhhc5qvk2snxezoi5drad.onion/,1,04/07/2022 8:50,20/08/2025 4:54,20/08/2025 4:54,https://www.virustotal.com/gui/url/aHR0cDovL2xvY2tiaXQ3ejN1am5raHh3YWhoamR1aDVtZTJ1cGR2enhld2hoYzVxdmsyc254ZXpvaTVkcmFkLm9uaW9uLw
http://lockbit7z355oalq4hiy5p7de64l6rsqutwlvydqje56uvevcc57r6qd.onion/,1,28/06/2022 23:38,20/08/2025 4:54,20/08/2025 4:54,https://www.virustotal.com/gui/url/aHR0cDovL2xvY2tiaXQ3ejM1NW9hbHE0aGl5NXA3ZGU2NGw2cnNxdXR3bHZ5ZHFqZTU2dXZldmNjNTdyNnFkLm9uaW9uLw
http://lockbit3g3ohd3katajf6zaehxz4h4cnhmz5t735zpltywhwpc6oy3id.onion/,10,25/02/2024 12:37,11/09/2025 0:06,11/09/2025 0:06,https://www.virustotal.com/gui/url/aHR0cDovL2xvY2tiaXQzZzNvaGQza2F0YWpmNnphZWh4ejRoNGNuaG16NXQ3MzV6cGx0eXdod3BjNm95M2lkLm9uaW9uLw
http://lockbit7z4bsm63m3dagp5xglyacr4z4bwytkvkkwtn6enmuo5fi5iyd.onion/,1,04/07/2022 8:50,20/08/2025 4:54,20/08/2025 4:54,https://www.virustotal.com/gui/url/aHR0cDovL2xvY2tiaXQ3ejRic202M20zZGFncDV4Z2x5YWNyNHo0Ynd5dGt2a2t3dG42ZW5tdW81Zmk1aXlkLm9uaW9uLw
http://lockbit7z57mkicfkuq44j6yrpu5finwvjllczkkp2uvdedsdonjztyd.onion/,0,04/07/2022 8:50,25/07/2025 16:35,25/07/2025 16:35,https://www.virustotal.com/gui/url/aHR0cDovL2xvY2tiaXQ3ejU3bWtpY2ZrdXE0NGo2eXJwdTVmaW53dmpsbGN6a2twMnV2ZGVkc2Rvbmp6dHlkLm9uaW9uLw
http://lockbit4lahhluquhoka3t4spqym2m3dhe66d6lr337glmnlgg2nndad.onion/,9,25/02/2024 12:37,20/08/2025 9:53,20/08/2025 9:53,https://www.virustotal.com/gui/url/aHR0cDovL2xvY2tiaXQ0bGFoaGx1cXVob2thM3Q0c3BxeW0ybTNkaGU2NmQ2bHIzMzdnbG1ubGdnMm5uZGFkLm9uaW9uLw
http://lockbit7z6rzyojiye437jp744d4uwtff7aq7df7gh2jvwqtv525c4yd.onion/,1,28/06/2022 23:37,04/09/2025 7:54,04/09/2025 7:54,https://www.virustotal.com/gui/url/aHR0cDovL2xvY2tiaXQ3ejZyenlvaml5ZTQzN2pwNzQ0ZDR1d3RmZjdhcTdkZjdnaDJqdndxdHY1MjVjNHlkLm9uaW9uLw
http://lockbit7z2og4jlsmdy7dzty3g42eu3gh2sx2b6ywtvhrjtss7li4fyd.onion/,2,28/06/2022 23:36,10/09/2025 4:56,10/09/2025 4:56,https://www.virustotal.com/gui/url/aHR0cDovL2xvY2tiaXQ3ejJvZzRqbHNtZHk3ZHp0eTNnNDJldTNnaDJzeDJiNnl3dHZocmp0c3M3bGk0ZnlkLm9uaW9uLw
https://neverlandserver.nn.pe/b/abc.exe,4,28/12/2023 7:01,27/06/2025 7:20,27/06/2025 7:20,https://www.virustotal.com/gui/url/aHR0cHM6Ly9uZXZlcmxhbmRzZXJ2ZXIubm4ucGUvYi9hYmMuZXhl
https://neverlandserver.nn.pe/b/ck0zcn.dotm,4,28/12/2023 0:13,13/08/2025 12:00,13/08/2025 12:00,https://www.virustotal.com/gui/url/aHR0cHM6Ly9uZXZlcmxhbmRzZXJ2ZXIubm4ucGUvYi9jazB6Y24uZG90bQ
https://learndash.825testsites.com/b/fgi5k8.dotm,9,07/01/2024 18:43,14/08/2025 14:39,14/08/2025 14:39,https://www.virustotal.com/gui/url/aHR0cHM6Ly9sZWFybmRhc2guODI1dGVzdHNpdGVzLmNvbS9iL2ZnaTVrOC5kb3Rt
https://learndash.825testsites.com/b/abc.exe,8,07/01/2024 21:11,27/06/2025 7:20,27/06/2025 7:20,https://www.virustotal.com/gui/url/aHR0cHM6Ly9sZWFybmRhc2guODI1dGVzdHNpdGVzLmNvbS9iL2FiYy5leGU
https://viviendas8.com/bb/qhrx1h.dotm,11,28/12/2023 23:56,14/08/2025 11:23,14/08/2025 11:23,https://www.virustotal.com/gui/url/aHR0cHM6Ly92aXZpZW5kYXM4LmNvbS9iYi9xaHJ4MWguZG90bQ
https://viviendas8.com/bb/abc.exe,12,29/12/2023 7:02,27/06/2025 7:20,27/06/2025 7:20,https://www.virustotal.com/gui/url/aHR0cHM6Ly92aXZpZW5kYXM4LmNvbS9iYi9hYmMuZXhl
http://i5fsxlz4tewwbxfrvr7lha33fm5rsanr5fz36f4yto4habfc2rhvjrid.onion/,0,22/12/2023 6:35,06/11/2024 14:56,06/11/2024 14:56,https://www.virustotal.com/gui/url/aHR0cDovL2k1ZnN4bHo0dGV3d2J4ZnJ2cjdsaGEzM2ZtNXJzYW5yNWZ6MzZmNHl0bzRoYWJmYzJyaHZqcmlkLm9uaW9uLw
http://lockbitaptbdiajqtplcrigzgdjprwugkkut63nbvy2d5r4w2agyekqd.onion/,5,30/06/2022 9:39,06/09/2025 6:25,06/09/2025 6:25,https://www.virustotal.com/gui/url/aHR0cDovL2xvY2tiaXRhcHRiZGlhanF0cGxjcmlnemdkanByd3Vna2t1dDYzbmJ2eTJkNXI0dzJhZ3lla3FkLm9uaW9uLw
http://lockbit7z3azdoxdpqxzliszutufbc2fldagztdu47xyucp25p4xtqad.onion,1,04/07/2022 8:50,19/07/2025 20:28,19/07/2025 20:28,https://www.virustotal.com/gui/url/aHR0cDovL2xvY2tiaXQ3ejNhemRveGRwcXh6bGlzenV0dWZiYzJmbGRhZ3p0ZHU0N3h5dWNwMjVwNHh0cWFkLm9uaW9u
http://lockbit7z4k5zer5fbqi2vdq5sx2vuggatwyqvoodrkhubxftyrvncid.onion,1,04/07/2022 8:50,19/07/2025 20:28,19/07/2025 20:28,https://www.virustotal.com/gui/url/aHR0cDovL2xvY2tiaXQ3ejRrNXplcjVmYnFpMnZkcTVzeDJ2dWdnYXR3eXF2b29kcmtodWJ4ZnR5cnZuY2lkLm9uaW9u
http://lockbit7z6rzyojiye437jp744d4uwtff7aq7df7gh2jvwqtv525c4yd.onion,1,28/06/2022 23:37,04/09/2025 7:54,04/09/2025 7:54,https://www.virustotal.com/gui/url/aHR0cDovL2xvY2tiaXQ3ejZyenlvaml5ZTQzN2pwNzQ0ZDR1d3RmZjdhcTdkZjdnaDJqdndxdHY1MjVjNHlkLm9uaW9u
http://lockbitaptbdiajqtplcrigzgdjprwugkkut63nbvy2d5r4w2agyekqd.onion,5,30/06/2022 9:39,06/09/2025 6:25,06/09/2025 6:25,https://www.virustotal.com/gui/url/aHR0cDovL2xvY2tiaXRhcHRiZGlhanF0cGxjcmlnemdkanByd3Vna2t1dDYzbmJ2eTJkNXI0dzJhZ3lla3FkLm9uaW9u
http://lockbit7z57mkicfkuq44j6yrpu5finwvjllczkkp2uvdedsdonjztyd.onion,0,04/07/2022 8:50,25/07/2025 16:35,25/07/2025 16:35,https://www.virustotal.com/gui/url/aHR0cDovL2xvY2tiaXQ3ejU3bWtpY2ZrdXE0NGo2eXJwdTVmaW53dmpsbGN6a2twMnV2ZGVkc2Rvbmp6dHlkLm9uaW9u
http://lockbit7z37ntefjdbjextn6tmdkry4j546ejnru5cejeguitiopvhad.onion,1,04/07/2022 8:50,20/08/2025 4:56,20/08/2025 4:56,https://www.virustotal.com/gui/url/aHR0cDovL2xvY2tiaXQ3ejM3bnRlZmpkYmpleHRuNnRtZGtyeTRqNTQ2ZWpucnU1Y2VqZWd1aXRpb3B2aGFkLm9uaW9u
http://lockbitsupt7nr3fa6e7xyb73lk6bw6rcneqhoyblniiabj4uwvzapqd.onion,9,12/03/2022 13:21,24/08/2025 18:50,24/08/2025 18:50,https://www.virustotal.com/gui/url/aHR0cDovL2xvY2tiaXRzdXB0N25yM2ZhNmU3eHliNzNsazZidzZyY25lcWhveWJsbmlpYWJqNHV3dnphcHFkLm9uaW9u
http://lockbitapt2yfbt7lchxejug47kmqvqqxvvjpqkmevv4l3azl3gy6pyd.onion,10,04/01/2022 15:42,31/08/2025 20:26,31/08/2025 20:26,https://www.virustotal.com/gui/url/aHR0cDovL2xvY2tiaXRhcHQyeWZidDdsY2h4ZWp1ZzQ3a21xdnFxeHZ2anBxa21ldnY0bDNhemwzZ3k2cHlkLm9uaW9u
http://lockbit7z5ehshj6gzpetw5kso3onts6ty7wrnneya5u4aj3vzkeoaqd.onion,1,04/07/2022 8:50,27/07/2025 7:26,27/07/2025 7:26,https://www.virustotal.com/gui/url/aHR0cDovL2xvY2tiaXQ3ejVlaHNoajZnenBldHc1a3NvM29udHM2dHk3d3JubmV5YTV1NGFqM3Z6a2VvYXFkLm9uaW9u
http://lockbitapt34kvrip6xojylohhxrwsvpzdffgs5z4pbbsywnzsbdguqd.onion,9,13/12/2021 11:55,24/08/2025 18:50,24/08/2025 18:50,https://www.virustotal.com/gui/url/aHR0cDovL2xvY2tiaXRhcHQzNGt2cmlwNnhvanlsb2hoeHJ3c3ZwemRmZmdzNXo0cGJic3l3bnpzYmRndXFkLm9uaW9u
http://lockbitapt6vx57t3eeqjofwgcglmutr3a35nygvokja5uuccip4ykyd.onion,12,03/07/2021 20:33,06/09/2025 5:23,06/09/2025 5:23,https://www.virustotal.com/gui/url/aHR0cDovL2xvY2tiaXRhcHQ2dng1N3QzZWVxam9md2djZ2xtdXRyM2EzNW55Z3Zva2phNXV1Y2NpcDR5a3lkLm9uaW9u
http://lockbit7z6dqziutocr43onmvpth32njp4abfocfauk2belljjpobxyd.onion,1,04/07/2022 8:50,07/09/2025 16:55,07/09/2025 16:55,https://www.virustotal.com/gui/url/aHR0cDovL2xvY2tiaXQ3ejZkcXppdXRvY3I0M29ubXZwdGgzMm5qcDRhYmZvY2ZhdWsyYmVsbGpqcG9ieHlkLm9uaW9u
http://lockbitaptawjl6udhpd323uehekiyatj6ftcxmkwe5sezs4fqgpjpid.onion,7,03/07/2022 20:26,03/09/2025 4:54,03/09/2025 4:54,https://www.virustotal.com/gui/url/aHR0cDovL2xvY2tiaXRhcHRhd2psNnVkaHBkMzIzdWVoZWtpeWF0ajZmdGN4bWt3ZTVzZXpzNGZxZ3BqcGlkLm9uaW9u
http://lockbitsupqfyacidr6upt6nhhyipujvaablubuevxj6xy3frthvr3yd.onion,4,06/07/2022 1:33,04/09/2025 0:22,04/09/2025 0:22,https://www.virustotal.com/gui/url/aHR0cDovL2xvY2tiaXRzdXBxZnlhY2lkcjZ1cHQ2bmhoeWlwdWp2YWFibHVidWV2eGo2eHkzZnJ0aHZyM3lkLm9uaW9u
http://lockbitapt5x4zkjbcqmz6frdhecqqgadevyiwqxukksspnlidyvd7qd.onion,9,11/12/2021 5:55,24/08/2025 18:50,24/08/2025 18:50,https://www.virustotal.com/gui/url/aHR0cDovL2xvY2tiaXRhcHQ1eDR6a2piY3FtejZmcmRoZWNxcWdhZGV2eWl3cXh1a2tzc3BubGlkeXZkN3FkLm9uaW9u
http://lockbit7z4cgxvictidwfxpuiov4scdw34nxotmbdjyxpkvkg34mykyd.onion,1,04/07/2022 8:50,04/09/2025 6:55,04/09/2025 6:55,https://www.virustotal.com/gui/url/aHR0cDovL2xvY2tiaXQ3ejRjZ3h2aWN0aWR3ZnhwdWlvdjRzY2R3MzRueG90bWJkanl4cGt2a2czNG15a3lkLm9uaW9u
http://lockbitaptc2iq4atewz2ise62q63wfktyrl4qtwuk5qax262kgtzjqd.onion,10,10/12/2021 8:15,26/08/2025 5:50,26/08/2025 5:50,https://www.virustotal.com/gui/url/aHR0cDovL2xvY2tiaXRhcHRjMmlxNGF0ZXd6MmlzZTYycTYzd2ZrdHlybDRxdHd1azVxYXgyNjJrZ3R6anFkLm9uaW9u
http://lockbitsupuhswh4izvoucoxsbnotkmgq6durg7kficg6u33zfvq3oyd.onion,10,06/07/2022 1:33,24/08/2025 18:50,24/08/2025 18:50,https://www.virustotal.com/gui/url/aHR0cDovL2xvY2tiaXRzdXB1aHN3aDRpenZvdWNveHNibm90a21ncTZkdXJnN2tmaWNnNnUzM3pmdnEzb3lkLm9uaW9u
http://lockbit7z3ujnkhxwahhjduh5me2updvzxewhhc5qvk2snxezoi5drad.onion,1,04/07/2022 8:50,20/08/2025 4:54,20/08/2025 4:54,https://www.virustotal.com/gui/url/aHR0cDovL2xvY2tiaXQ3ejN1am5raHh3YWhoamR1aDVtZTJ1cGR2enhld2hoYzVxdmsyc254ZXpvaTVkcmFkLm9uaW9u
http://lockbit7z6qinyhhmibvycu5kwmcvgrbpvtztkvvmdce5zwtucaeyrqd.onion,1,04/07/2022 8:50,02/09/2025 1:57,02/09/2025 1:57,https://www.virustotal.com/gui/url/aHR0cDovL2xvY2tiaXQ3ejZxaW55aGhtaWJ2eWN1NWt3bWN2Z3JicHZ0enRrdnZtZGNlNXp3dHVjYWV5cnFkLm9uaW9u
http://lockbit7z6choojah4ipvdpzzfzxxchjbecnmtn4povk6ifdvx2dpnid.onion,1,04/07/2022 8:50,01/09/2025 0:57,01/09/2025 0:57,https://www.virustotal.com/gui/url/aHR0cDovL2xvY2tiaXQ3ejZjaG9vamFoNGlwdmRwenpmenh4Y2hqYmVjbm10bjRwb3ZrNmlmZHZ4MmRwbmlkLm9uaW9u
http://lockbit7z55tuwaflw2c7torcryobdvhkcgvivhflyndyvcrexafssad.onion,1,28/06/2022 23:38,21/08/2025 3:52,21/08/2025 3:52,https://www.virustotal.com/gui/url/aHR0cDovL2xvY2tiaXQ3ejU1dHV3YWZsdzJjN3RvcmNyeW9iZHZoa2Nndml2aGZseW5keXZjcmV4YWZzc2FkLm9uaW9u
http://lockbitsupn2h6be2cnqpvncyhj4rgmnwn44633hnzzmtxdvjoqlp7yd.onion,10,28/01/2022 17:33,25/08/2025 1:24,25/08/2025 1:24,https://www.virustotal.com/gui/url/aHR0cDovL2xvY2tiaXRzdXBuMmg2YmUyY25xcHZuY3loajRyZ21ud240NDYzM2huenptdHhkdmpvcWxwN3lkLm9uaW9u
http://lockbit7z3hv7ev5knxbrhsvv2mmu2rddwqizdz4vwfvxt5izrq6zqqd.onion,1,04/07/2022 8:50,10/09/2025 9:54,10/09/2025 9:54,https://www.virustotal.com/gui/url/aHR0cDovL2xvY2tiaXQ3ejNodjdldjVrbnhicmhzdnYybW11MnJkZHdxaXpkejR2d2Z2eHQ1aXpycTZ6cXFkLm9uaW9u
http://lockbit7z5hwf6ywfuzipoa42tjlmal3x5suuccngsamsgklww2xgyqd.onion,1,04/07/2022 8:50,23/06/2025 20:58,23/06/2025 20:58,https://www.virustotal.com/gui/url/aHR0cDovL2xvY2tiaXQ3ejVod2Y2eXdmdXppcG9hNDJ0amxtYWwzeDVzdXVjY25nc2Ftc2drbHd3MnhneXFkLm9uaW9u
http://lockbitsupq3g62dni2f36snrdb4n5qzqvovbtkt5xffw3draxk6gwqd.onion,7,06/07/2022 1:33,02/08/2025 0:38,02/08/2025 0:38,https://www.virustotal.com/gui/url/aHR0cDovL2xvY2tiaXRzdXBxM2c2MmRuaTJmMzZzbnJkYjRuNXF6cXZvdmJ0a3Q1eGZmdzNkcmF4azZnd3FkLm9uaW9u
http://lockbitsupdwon76nzykzblcplixwts4n4zoecugz2bxabtapqvmzqqd.onion,4,06/07/2022 1:33,19/06/2025 8:24,19/06/2025 8:24,https://www.virustotal.com/gui/url/aHR0cDovL2xvY2tiaXRzdXBkd29uNzZuenlremJsY3BsaXh3dHM0bjR6b2VjdWd6MmJ4YWJ0YXBxdm16cXFkLm9uaW9u
http://lockbit7z4ndl6thsct34yd47jrzdkpnfg3acfvpacuccb45pnars2ad.onion,1,04/07/2022 8:50,03/09/2025 20:57,03/09/2025 20:57,https://www.virustotal.com/gui/url/aHR0cDovL2xvY2tiaXQ3ejRuZGw2dGhzY3QzNHlkNDdqcnpka3BuZmczYWNmdnBhY3VjY2I0NXBuYXJzMmFkLm9uaW9u
http://lockbitapt2d73krlbewgv27tquljgxr33xbwwsp6rkyieto7u4ncead.onion,6,27/06/2022 8:04,19/09/2025 6:57,19/09/2025 6:57,https://www.virustotal.com/gui/url/aHR0cDovL2xvY2tiaXRhcHQyZDcza3JsYmV3Z3YyN3RxdWxqZ3hyMzN4Ynd3c3A2cmt5aWV0bzd1NG5jZWFkLm9uaW9u
http://lockbitsupa7e3b4pkn4mgkgojrl5iqgx24clbzc4xm7i6jeetsia3qd.onion,8,12/03/2022 13:22,18/08/2025 8:53,18/08/2025 8:53,https://www.virustotal.com/gui/url/aHR0cDovL2xvY2tiaXRzdXBhN2UzYjRwa240bWdrZ29qcmw1aXFneDI0Y2xiemM0eG03aTZqZWV0c2lhM3FkLm9uaW9u
http://lockbit7z2og4jlsmdy7dzty3g42eu3gh2sx2b6ywtvhrjtss7li4fyd.onion,2,28/06/2022 23:36,10/09/2025 4:56,10/09/2025 4:56,https://www.virustotal.com/gui/url/aHR0cDovL2xvY2tiaXQ3ejJvZzRqbHNtZHk3ZHp0eTNnNDJldTNnaDJzeDJiNnl3dHZocmp0c3M3bGk0ZnlkLm9uaW9u
http://lockbitsupo7vv5vcl3jxpsdviopwvasljqcstym6efhh6oze7c6xjad.onion,7,28/06/2022 23:36,09/08/2025 11:19,09/08/2025 11:19,https://www.virustotal.com/gui/url/aHR0cDovL2xvY2tiaXRzdXBvN3Z2NXZjbDNqeHBzZHZpb3B3dmFzbGpxY3N0eW02ZWZoaDZvemU3YzZ4amFkLm9uaW9u
http://lockbit7z3ddvg5vuez2vznt73ljqgwx5tnuqaa2ye7lns742yiv2zyd.onion,1,04/07/2022 8:50,20/08/2025 4:54,20/08/2025 4:54,https://www.virustotal.com/gui/url/aHR0cDovL2xvY2tiaXQ3ejNkZHZnNXZ1ZXoydnpudDczbGpxZ3d4NXRudXFhYTJ5ZTdsbnM3NDJ5aXYyenlkLm9uaW9u
http://lockbitapt72iw55njgnqpymggskg5yp75ry7rirtdg4m7i42artsbqd.onion,7,03/07/2022 20:26,18/08/2025 6:21,18/08/2025 6:21,https://www.virustotal.com/gui/url/aHR0cDovL2xvY2tiaXRhcHQ3Mml3NTVuamducXB5bWdnc2tnNXlwNzVyeTdyaXJ0ZGc0bTdpNDJhcnRzYnFkLm9uaW9u
http://lockbit7z5ltrhzv46lsg447o3cx2637dloc3qt4ugd3gr2xdkkkeayd.onion,0,04/07/2022 8:50,08/09/2025 19:55,08/09/2025 19:55,https://www.virustotal.com/gui/url/aHR0cDovL2xvY2tiaXQ3ejVsdHJoenY0NmxzZzQ0N28zY3gyNjM3ZGxvYzNxdDR1Z2QzZ3IyeGRra2tlYXlkLm9uaW9u
http://lockbit7z2mmiz3ryxafn5kapbvbbiywsxwovasfkgf5dqqp5kxlajad.onion,4,04/07/2022 8:50,10/09/2025 4:56,10/09/2025 4:56,https://www.virustotal.com/gui/url/aHR0cDovL2xvY2tiaXQ3ejJtbWl6M3J5eGFmbjVrYXBidmJiaXl3c3h3b3Zhc2ZrZ2Y1ZHFxcDVreGxhamFkLm9uaW9u
http://lockbit7z6f3gu6rjvrysn5gjbsqj3hk3bvsg64ns6pjldqr2xhvhsyd.onion,1,04/07/2022 8:50,30/08/2025 2:57,30/08/2025 2:57,https://www.virustotal.com/gui/url/aHR0cDovL2xvY2tiaXQ3ejZmM2d1NnJqdnJ5c241Z2pic3FqM2hrM2J2c2c2NG5zNnBqbGRxcjJ4aHZoc3lkLm9uaW9u
http://lockbit7z355oalq4hiy5p7de64l6rsqutwlvydqje56uvevcc57r6qd.onion,1,28/06/2022 23:38,20/08/2025 4:54,20/08/2025 4:54,https://www.virustotal.com/gui/url/aHR0cDovL2xvY2tiaXQ3ejM1NW9hbHE0aGl5NXA3ZGU2NGw2cnNxdXR3bHZ5ZHFqZTU2dXZldmNjNTdyNnFkLm9uaW9u
http://lockbit7z4bsm63m3dagp5xglyacr4z4bwytkvkkwtn6enmuo5fi5iyd.onion,1,04/07/2022 8:50,20/08/2025 4:54,20/08/2025 4:54,https://www.virustotal.com/gui/url/aHR0cDovL2xvY2tiaXQ3ejRic202M20zZGFncDV4Z2x5YWNyNHo0Ynd5dGt2a2t3dG42ZW5tdW81Zmk1aXlkLm9uaW9u
http://lockbitsupxcjntihbmat4rrh7ktowips2qzywh6zer5r3xafhviyhqd.onion,8,06/07/2022 1:33,29/07/2025 22:30,29/07/2025 22:30,https://www.virustotal.com/gui/url/aHR0cDovL2xvY2tiaXRzdXB4Y2pudGloYm1hdDRycmg3a3Rvd2lwczJxenl3aDZ6ZXI1cjN4YWZodml5aHFkLm9uaW9u
http://lockbit7z2jwcskxpbokpemdxmltipntwlkmidcll2qirbu7ykg46eyd.onion,1,02/07/2022 9:37,28/08/2025 7:56,28/08/2025 7:56,https://www.virustotal.com/gui/url/aHR0cDovL2xvY2tiaXQ3ejJqd2Nza3hwYm9rcGVtZHhtbHRpcG50d2xrbWlkY2xsMnFpcmJ1N3lrZzQ2ZXlkLm9uaW9u
http://lockbit7z36ynytxwjzuoao46ck7b3753gpedary3qvuizn3iczhe4id.onion,1,04/07/2022 8:50,20/08/2025 4:56,20/08/2025 4:56,https://www.virustotal.com/gui/url/aHR0cDovL2xvY2tiaXQ3ejM2eW55dHh3anp1b2FvNDZjazdiMzc1M2dwZWRhcnkzcXZ1aXpuM2ljemhlNGlkLm9uaW9u
http://lockbitkodidilol.onion/,2,30/11/2020 17:45,07/05/2025 21:03,07/05/2025 21:03,https://www.virustotal.com/gui/url/aHR0cDovL2xvY2tiaXRrb2RpZGlsb2wub25pb24v
http://lockbitks2tvnmwk.onion,6,26/10/2020 1:25,15/08/2025 11:52,15/08/2025 11:52,https://www.virustotal.com/gui/url/aHR0cDovL2xvY2tiaXRrczJ0dm5td2sub25pb24
http://microsoftbackup.systems:443/,0,26/08/2025 0:02,26/08/2025 0:02,26/08/2025 0:02,https://www.virustotal.com/gui/url/aHR0cDovL21pY3Jvc29mdGJhY2t1cC5zeXN0ZW1zOjQ0My8
http://lockbit-blog.com,2,23/05/2020 11:30,25/06/2025 6:22,25/06/2025 6:22,https://www.virustotal.com/gui/url/aHR0cDovL2xvY2tiaXQtYmxvZy5jb20
http://sarcomawmawlhov7o5mdhz4eszxxlkyaoiyiy2b5iwxnds2dmb4jakad.onion/,2,09/10/2024 15:23,28/08/2025 14:10,28/08/2025 14:10,https://www.virustotal.com/gui/url/aHR0cDovL3NhcmNvbWF3bWF3bGhvdjdvNW1kaHo0ZXN6eHhsa3lhb2l5aXkyYjVpd3huZHMyZG1iNGpha2FkLm9uaW9uLw
http://sarcomabwgzv7ogiulwqfmlul6mjcxy6o3owuld4lqguvevf4kgp3lqd.onion/,1,28/05/2025 6:15,09/09/2025 21:51,09/09/2025 21:51,https://www.virustotal.com/gui/url/aHR0cDovL3NhcmNvbWFid2d6djdvZ2l1bHdxZm1sdWw2bWpjeHk2bzNvd3VsZDRscWd1dmV2ZjRrZ3AzbHFkLm9uaW9uLw
https://ss.qwadx.com/spoolsvc.rar,2,23/06/2025 6:19,23/06/2025 6:19,23/06/2025 6:19,https://www.virustotal.com/gui/url/aHR0cHM6Ly9zcy5xd2FkeC5jb20vc3Bvb2xzdmMucmFy
http://85.209.128.171:8080/3.rar,0,26/06/2025 8:01,26/06/2025 8:01,26/06/2025 8:01,https://www.virustotal.com/gui/url/aHR0cDovLzg1LjIwOS4xMjguMTcxOjgwODAvMy5yYXI
http://85.209.128.171:8080/123.rar,0,26/06/2025 7:56,26/06/2025 7:56,26/06/2025 7:56,https://www.virustotal.com/gui/url/aHR0cDovLzg1LjIwOS4xMjguMTcxOjgwODAvMTIzLnJhcg
http://85.209.128.171:8080/fant.rar,0,26/06/2025 7:57,26/06/2025 7:57,26/06/2025 7:57,https://www.virustotal.com/gui/url/aHR0cDovLzg1LjIwOS4xMjguMTcxOjgwODAvZmFudC5yYXI
http://85.209.128.171:80/rev.rar,1,26/06/2025 7:56,26/06/2025 8:14,26/06/2025 8:14,https://www.virustotal.com/gui/url/aHR0cDovLzg1LjIwOS4xMjguMTcxOjgwL3Jldi5yYXI
http://85.209.128.171:8000/fant.rar,0,23/06/2025 6:21,26/06/2025 7:57,26/06/2025 7:57,https://www.virustotal.com/gui/url/aHR0cDovLzg1LjIwOS4xMjguMTcxOjgwMDAvZmFudC5yYXI
http://65.38.121.107:8000/123.txt,5,26/06/2025 7:57,26/06/2025 7:57,26/06/2025 7:57,https://www.virustotal.com/gui/url/aHR0cDovLzY1LjM4LjEyMS4xMDc6ODAwMC8xMjMudHh0
http://85.209.128.171:8080/sss.rar,0,26/06/2025 7:59,26/06/2025 7:59,26/06/2025 7:59,https://www.virustotal.com/gui/url/aHR0cDovLzg1LjIwOS4xMjguMTcxOjgwODAvc3NzLnJhcg
http://85.209.128.171:8000/2.rar,0,26/06/2025 7:56,26/06/2025 7:56,26/06/2025 7:56,https://www.virustotal.com/gui/url/aHR0cDovLzg1LjIwOS4xMjguMTcxOjgwMDAvMi5yYXI
https://sss.qwadx.com/spoolsvc.rar,10,27/08/2025 9:00,27/08/2025 9:24,27/08/2025 9:24,https://www.virustotal.com/gui/url/aHR0cHM6Ly9zc3MucXdhZHguY29tL3Nwb29sc3ZjLnJhcg
http://85.209.128.171:80/1.rar,4,26/06/2025 7:56,26/06/2025 8:14,26/06/2025 8:14,https://www.virustotal.com/gui/url/aHR0cDovLzg1LjIwOS4xMjguMTcxOjgwLzEucmFy
http://85.209.128.171:8080/1234.rar,0,26/06/2025 7:59,26/06/2025 7:59,26/06/2025 7:59,https://www.virustotal.com/gui/url/aHR0cDovLzg1LjIwOS4xMjguMTcxOjgwODAvMTIzNC5yYXI
http://85.209.128.171:8080/12.rar,0,26/06/2025 7:56,26/06/2025 7:56,26/06/2025 7:56,https://www.virustotal.com/gui/url/aHR0cDovLzg1LjIwOS4xMjguMTcxOjgwODAvMTIucmFy
https://sss.qwadx.com/11.exe,3,02/06/2025 12:09,02/06/2025 12:09,02/06/2025 12:09,https://www.virustotal.com/gui/url/aHR0cHM6Ly9zc3MucXdhZHguY29tLzExLmV4ZQ
http://85.209.128.171:8080/1.rar,3,26/06/2025 8:02,26/06/2025 8:02,26/06/2025 8:02,https://www.virustotal.com/gui/url/aHR0cDovLzg1LjIwOS4xMjguMTcxOjgwODAvMS5yYXI
http://85.209.128.171:8000/1.rar,5,23/06/2025 6:21,26/06/2025 7:56,26/06/2025 7:56,https://www.virustotal.com/gui/url/aHR0cDovLzg1LjIwOS4xMjguMTcxOjgwMDAvMS5yYXI
http://141.98.82.198:443/note.txt,5,27/08/2025 8:59,27/08/2025 9:25,27/08/2025 9:25,https://www.virustotal.com/gui/url/aHR0cDovLzE0MS45OC44Mi4xOTg6NDQzL25vdGUudHh0
http://65.38.121.107:8000/,5,29/10/2024 7:17,26/06/2025 7:56,26/06/2025 7:56,https://www.virustotal.com/gui/url/aHR0cDovLzY1LjM4LjEyMS4xMDc6ODAwMC8
http://85.209.128.171:8080/revv2.exe,0,26/06/2025 8:01,26/06/2025 8:01,26/06/2025 8:01,https://www.virustotal.com/gui/url/aHR0cDovLzg1LjIwOS4xMjguMTcxOjgwODAvcmV2djIuZXhl
http://85.209.128.171:8090/2.rar,0,26/06/2025 7:59,26/06/2025 7:59,26/06/2025 7:59,https://www.virustotal.com/gui/url/aHR0cDovLzg1LjIwOS4xMjguMTcxOjgwOTAvMi5yYXI
http://85.209.128.171:8080/.rar,0,26/06/2025 8:03,26/06/2025 8:03,26/06/2025 8:03,https://www.virustotal.com/gui/url/aHR0cDovLzg1LjIwOS4xMjguMTcxOjgwODAvLnJhcg
http://85.209.128.171:8080/2.rar,0,26/06/2025 7:59,26/06/2025 7:59,26/06/2025 7:59,https://www.virustotal.com/gui/url/aHR0cDovLzg1LjIwOS4xMjguMTcxOjgwODAvMi5yYXI
http://85.209.128.171:8080/ewq.rar,0,26/06/2025 8:00,26/06/2025 8:00,26/06/2025 8:00,https://www.virustotal.com/gui/url/aHR0cDovLzg1LjIwOS4xMjguMTcxOjgwODAvZXdxLnJhcg
https://document.hometowncity.cloud/,16,14/01/2025 8:42,15/09/2025 6:43,15/09/2025 6:43,https://www.virustotal.com/gui/url/aHR0cHM6Ly9kb2N1bWVudC5ob21ldG93bmNpdHkuY2xvdWQv
https://pweobmxdlboi.com/14789.exe,12,20/12/2024 18:13,20/12/2024 18:13,20/12/2024 18:13,https://www.virustotal.com/gui/url/aHR0cHM6Ly9wd2VvYm14ZGxib2kuY29tLzE0Nzg5LmV4ZQ
https://pweobmxdlboi.com/sokcs.exe,12,27/08/2025 9:02,27/08/2025 9:02,27/08/2025 9:02,https://www.virustotal.com/gui/url/aHR0cHM6Ly9wd2VvYm14ZGxib2kuY29tL3Nva2NzLmV4ZQ
https://adm-govuz.com/revclient.exe,4,07/04/2025 9:14,07/04/2025 9:14,07/04/2025 9:14,https://www.virustotal.com/gui/url/aHR0cHM6Ly9hZG0tZ292dXouY29tL3JldmNsaWVudC5leGU
https://document.webmailsession.com/prog/147.exe,2,27/08/2025 9:04,27/08/2025 9:04,27/08/2025 9:04,https://www.virustotal.com/gui/url/aHR0cHM6Ly9kb2N1bWVudC53ZWJtYWlsc2Vzc2lvbi5jb20vcHJvZy8xNDcuZXhl
http://64.7.198.46/rev.exe,0,18/04/2025 10:55,26/06/2025 8:01,26/06/2025 8:01,https://www.virustotal.com/gui/url/aHR0cDovLzY0LjcuMTk4LjQ2L3Jldi5leGU
http://65.38.120.38:8000/gservice.exe,2,18/04/2025 10:58,26/06/2025 8:01,26/06/2025 8:01,https://www.virustotal.com/gui/url/aHR0cDovLzY1LjM4LjEyMC4zODo4MDAwL2dzZXJ2aWNlLmV4ZQ
https://altaviva.ru/contacts/kservice.rar,0,24/02/2025 11:59,24/02/2025 11:59,24/02/2025 11:59,https://www.virustotal.com/gui/url/aHR0cHM6Ly9hbHRhdml2YS5ydS9jb250YWN0cy9rc2VydmljZS5yYXI
http://5.188.86.233/uac.txt,2,18/04/2025 10:52,26/06/2025 8:22,26/06/2025 8:22,https://www.virustotal.com/gui/url/aHR0cDovLzUuMTg4Ljg2LjIzMy91YWMudHh0
http://179.60.150.151:443/,14,19/03/2025 11:46,28/08/2025 12:26,28/08/2025 12:26,https://www.virustotal.com/gui/url/aHR0cDovLzE3OS42MC4xNTAuMTUxOjQ0My8
http://179.60.150.151:443/chisel.exe,12,07/04/2025 9:16,07/04/2025 9:16,07/04/2025 9:16,https://www.virustotal.com/gui/url/aHR0cDovLzE3OS42MC4xNTAuMTUxOjQ0My9jaGlzZWwuZXhl
http://179.60.150.151:443/rsocx.exe,8,16/04/2025 11:32,16/04/2025 11:32,16/04/2025 11:32,https://www.virustotal.com/gui/url/aHR0cDovLzE3OS42MC4xNTAuMTUxOjQ0My9yc29jeC5leGU
http://179.60.150.151/a.txt,8,16/04/2025 11:33,16/04/2025 11:33,16/04/2025 11:33,https://www.virustotal.com/gui/url/aHR0cDovLzE3OS42MC4xNTAuMTUxL2EudHh0
https://document.hometowncity.cloud/files/resocks.exe,12,14/01/2025 8:43,10/07/2025 16:57,10/07/2025 16:57,https://www.virustotal.com/gui/url/aHR0cHM6Ly9kb2N1bWVudC5ob21ldG93bmNpdHkuY2xvdWQvZmlsZXMvcmVzb2Nrcy5leGU
http://64.7.198.46/+CSCOE+/csrsss.exe,0,18/04/2025 10:55,18/04/2025 10:55,18/04/2025 10:55,https://www.virustotal.com/gui/url/aHR0cDovLzY0LjcuMTk4LjQ2LytDU0NPRSsvY3Nyc3NzLmV4ZQ
http://141.98.82.198:80/123.exe,8,04/05/2025 9:01,04/05/2025 9:01,04/05/2025 9:01,https://www.virustotal.com/gui/url/aHR0cDovLzE0MS45OC44Mi4xOTg6ODAvMTIzLmV4ZQ
https://document.hometowncity.cloud/files/edge.rar,14,09/09/2025 21:07,09/09/2025 21:07,09/09/2025 21:07,https://www.virustotal.com/gui/url/aHR0cHM6Ly9kb2N1bWVudC5ob21ldG93bmNpdHkuY2xvdWQvZmlsZXMvZWRnZS5yYXI
https://mailboxdownload.com/revd.exe,2,10/01/2025 20:22,10/01/2025 20:22,10/01/2025 20:22,https://www.virustotal.com/gui/url/aHR0cHM6Ly9tYWlsYm94ZG93bmxvYWQuY29tL3JldmQuZXhl
http://5.188.86.233/nc.txt,2,18/04/2025 10:55,26/06/2025 7:58,26/06/2025 7:58,https://www.virustotal.com/gui/url/aHR0cDovLzUuMTg4Ljg2LjIzMy9uYy50eHQ
http://88.214.26.37:80/winupdate.ps1,4,26/06/2025 7:58,26/06/2025 7:58,26/06/2025 7:58,https://www.virustotal.com/gui/url/aHR0cDovLzg4LjIxNC4yNi4zNzo4MC93aW51cGRhdGUucHMx
https://document.hometowncity.cloud/files/sokcs.exe,0,14/01/2025 8:43,14/01/2025 8:43,14/01/2025 8:43,https://www.virustotal.com/gui/url/aHR0cHM6Ly9kb2N1bWVudC5ob21ldG93bmNpdHkuY2xvdWQvZmlsZXMvc29rY3MuZXhl
https://pweobmxdlboi.com/udadd.exe,16,15/01/2025 7:22,29/03/2025 15:06,29/03/2025 15:06,https://www.virustotal.com/gui/url/aHR0cHM6Ly9wd2VvYm14ZGxib2kuY29tL3VkYWRkLmV4ZQ
http://65.38.120.38:8000/gservice,2,18/04/2025 10:58,26/06/2025 8:01,26/06/2025 8:01,https://www.virustotal.com/gui/url/aHR0cDovLzY1LjM4LjEyMC4zODo4MDAwL2dzZXJ2aWNl
http://65.38.120.38:8000/gservice.e,2,26/06/2025 7:58,26/06/2025 7:58,26/06/2025 7:58,https://www.virustotal.com/gui/url/aHR0cDovLzY1LjM4LjEyMC4zODo4MDAwL2dzZXJ2aWNlLmU
http://65.38.120.38/ww1.exe,2,26/06/2025 8:01,26/06/2025 8:01,26/06/2025 8:01,https://www.virustotal.com/gui/url/aHR0cDovLzY1LjM4LjEyMC4zOC93dzEuZXhl
https://document.hometowncity.cloud/files/12.exe,10,14/01/2025 8:43,17/01/2025 5:43,17/01/2025 5:43,https://www.virustotal.com/gui/url/aHR0cHM6Ly9kb2N1bWVudC5ob21ldG93bmNpdHkuY2xvdWQvZmlsZXMvMTIuZXhl
http://88.214.26.37:443//upload,3,26/06/2025 7:56,26/06/2025 7:56,26/06/2025 7:56,https://www.virustotal.com/gui/url/aHR0cDovLzg4LjIxNC4yNi4zNzo0NDMvL3VwbG9hZA
https://mailboxdownload.com/,16,15/01/2025 9:46,13/09/2025 19:06,13/09/2025 19:06,https://www.virustotal.com/gui/url/aHR0cHM6Ly9tYWlsYm94ZG93bmxvYWQuY29tLw
https://mailboxdownload.com/sokcs.rar,13,20/12/2024 18:46,29/03/2025 15:06,29/03/2025 15:06,https://www.virustotal.com/gui/url/aHR0cHM6Ly9tYWlsYm94ZG93bmxvYWQuY29tL3Nva2NzLnJhcg
https://tpp.tj/BossMaster.txt,9,27/08/2025 9:00,27/08/2025 9:26,27/08/2025 9:26,https://www.virustotal.com/gui/url/aHR0cHM6Ly90cHAudGovQm9zc01hc3Rlci50eHQ
http://64.7.198.66/resosk443.exe,2,19/03/2025 11:41,19/03/2025 11:41,19/03/2025 11:41,https://www.virustotal.com/gui/url/aHR0cDovLzY0LjcuMTk4LjY2L3Jlc29zazQ0My5leGU
https://adm-govuz.com/,10,28/10/2024 10:29,28/08/2025 12:26,28/08/2025 12:26,https://www.virustotal.com/gui/url/aHR0cHM6Ly9hZG0tZ292dXouY29tLw
https://pweobmxdlboi.com/new.exe,17,19/03/2025 11:45,19/03/2025 11:45,19/03/2025 11:45,https://www.virustotal.com/gui/url/aHR0cHM6Ly9wd2VvYm14ZGxib2kuY29tL25ldy5leGU
https://pweobmxdlboi.com/147.exe,17,10/01/2025 15:56,29/03/2025 15:06,29/03/2025 15:06,https://www.virustotal.com/gui/url/aHR0cHM6Ly9wd2VvYm14ZGxib2kuY29tLzE0Ny5leGU
https://adm-govuz.com/udadd.exe,4,19/03/2025 11:40,19/03/2025 11:40,19/03/2025 11:40,https://www.virustotal.com/gui/url/aHR0cHM6Ly9hZG0tZ292dXouY29tL3VkYWRkLmV4ZQ
https://drive.google.com/file/d/1YrvgRIpJKVskzFKrud-zmFgjBEeP7yUG/view?usp=drive_link,0,10/01/2025 21:36,10/01/2025 21:36,10/01/2025 21:36,https://www.virustotal.com/gui/url/aHR0cHM6Ly9kcml2ZS5nb29nbGUuY29tL2ZpbGUvZC8xWXJ2Z1JJcEpLVnNrekZLcnVkLXptRmdqQkVlUDd5VUcvdmlldz91c3A9ZHJpdmVfbGluaw
https://pweobmxdlboi.com/resocks.exe,13,09/01/2025 19:44,10/07/2025 16:57,10/07/2025 16:57,https://www.virustotal.com/gui/url/aHR0cHM6Ly9wd2VvYm14ZGxib2kuY29tL3Jlc29ja3MuZXhl
https://document.hometowncity.cloud/svcnost.exe,13,27/08/2025 9:03,27/08/2025 9:03,27/08/2025 9:03,https://www.virustotal.com/gui/url/aHR0cHM6Ly9kb2N1bWVudC5ob21ldG93bmNpdHkuY2xvdWQvc3Zjbm9zdC5leGU
http://5.188.86.233/nc.exe,2,18/04/2025 10:55,26/06/2025 7:59,26/06/2025 7:59,https://www.virustotal.com/gui/url/aHR0cDovLzUuMTg4Ljg2LjIzMy9uYy5leGU
http://88.214.26.37:443/upload,3,26/06/2025 7:56,26/06/2025 7:56,26/06/2025 7:56,https://www.virustotal.com/gui/url/aHR0cDovLzg4LjIxNC4yNi4zNzo0NDMvdXBsb2Fk
http://88.214.26.37:80/winupdate.rar,4,26/06/2025 8:02,26/06/2025 8:02,26/06/2025 8:02,https://www.virustotal.com/gui/url/aHR0cDovLzg4LjIxNC4yNi4zNzo4MC93aW51cGRhdGUucmFy
http://179.60.150.151:443,14,19/03/2025 11:46,28/08/2025 12:26,28/08/2025 12:26,https://www.virustotal.com/gui/url/aHR0cDovLzE3OS42MC4xNTAuMTUxOjQ0Mw
