Domain,MalScore,VT_Link,CreationDate,UpdatedDate,RegistryExpiry
arcuufpr5xxbbkin4mlidt7itmr6znlppk63jbtkeguuhszmc5g7qdyd.onion,2,https://www.virustotal.com/gui/domain/arcuufpr5xxbbkin4mlidt7itmr6znlppk63jbtkeguuhszmc5g7qdyd.onion,,,
laborer-posted.nl,11,https://www.virustotal.com/gui/domain/laborer-posted.nl,2023-01-06,2024-01-04,
play-store-secure-safechat.usmimedia.com,12,https://www.virustotal.com/gui/domain/play-store-secure-safechat.usmimedia.com,2022-07-27T06:32:06Z,2023-08-25T11:17:09Z,2023-07-27T06:32:06Z
punjab-news18media-tribuneindia-mail.usmimedia.com,9,https://www.virustotal.com/gui/domain/punjab-news18media-tribuneindia-mail.usmimedia.com,2022-07-27T06:32:06Z,2023-08-25T11:17:09Z,2023-07-27T06:32:06Z
rwzj2nntc3.de,10,https://www.virustotal.com/gui/domain/rwzj2nntc3.de,,2023-06-26T00:01:04+02:00,
usmimedia.com,10,https://www.virustotal.com/gui/domain/usmimedia.com,2022-07-27T06:32:06Z,2023-08-25T11:17:09Z,2023-07-27T06:32:06Z
khalsaforum.com,7,https://www.virustotal.com/gui/domain/khalsaforum.com,2022-07-01,2022-07-01,2023-07-01
hbx5adg6vk.de,18,https://www.virustotal.com/gui/domain/hbx5adg6vk.de,,2023-07-02T00:01:14+02:00,
5iw68rugwfcir37uj8z3r6rfaxwd8g8cdcfcqw62.de,14,https://www.virustotal.com/gui/domain/5iw68rugwfcir37uj8z3r6rfaxwd8g8cdcfcqw62.de,,2023-08-10T00:00:56+02:00,
mamoonchat.com,9,https://www.virustotal.com/gui/domain/mamoonchat.com,2021-08-16T12:20:10Z,2022-09-13T09:57:16Z,2023-08-16T00:00:00Z
cdw1ir0dc9g3dwl5oh1y.de,5,https://www.virustotal.com/gui/domain/cdw1ir0dc9g3dwl5oh1y.de,,2022-12-26T00:02:53+01:00,
thesecurevpn.com,15,https://www.virustotal.com/gui/domain/thesecurevpn.com,2023-08-17T10:35:47Z,2024-09-28T11:04:02Z,2024-08-17T10:35:47Z
ft8hua063okwfdcu21pw.de,12,https://www.virustotal.com/gui/domain/ft8hua063okwfdcu21pw.de,,2023-01-20T00:01:13+01:00,
tradesmarkets.greenadelhouse.com,11,https://www.virustotal.com/gui/domain/tradesmarkets.greenadelhouse.com,2025-04-02 00:00:00,2025-04-02 00:00:00,2026-04-02 00:00:00
fogomyart.com,13,https://www.virustotal.com/gui/domain/fogomyart.com,2024-11-21 00:00:00,2024-11-21 00:00:00,2025-11-21 00:00:00
greenadelhouse.com,13,https://www.virustotal.com/gui/domain/greenadelhouse.com,2025-04-02 00:00:00,2025-04-02 00:00:00,2026-04-02 00:00:00
evtessentials.com,10,https://www.virustotal.com/gui/domain/evtessentials.com,2023-11-13T09:56:20.00Z,2024-10-29T10:38:15Z,2025-11-13T09:56:20.00Z
gorgxwebset.com,14,https://www.virustotal.com/gui/domain/gorgxwebset.com,2024-05-06T06:37:11Z,2025-05-02T05:14:41Z,2026-05-06T06:37:11Z
fitirogames.com,0,https://www.virustotal.com/gui/domain/fitirogames.com,2025-01-21 00:00:00,2025-01-21 00:00:00,2026-01-21 00:00:00
academymusica.com,15,https://www.virustotal.com/gui/domain/academymusica.com,2023-09-29T10:09:21Z,2024-09-27T06:31:55Z,2025-09-29T10:09:21Z
jacknwoods.com,15,https://www.virustotal.com/gui/domain/jacknwoods.com,2024-10-23 00:00:00,2024-10-23 00:00:00,2025-10-23 00:00:00
samsnewlooker.com,15,https://www.virustotal.com/gui/domain/samsnewlooker.com,2024-08-28 00:00:00,2024-08-28 00:00:00,2025-08-28 00:00:00
qwavemediaservice.net,12,https://www.virustotal.com/gui/domain/qwavemediaservice.net,2022-04-06T05:39:04Z,2024-04-18T21:30:42Z,2025-04-06T05:39:04Z
coauthcn.com,14,https://www.virustotal.com/gui/domain/coauthcn.com,2022-07-23T06:44:28Z,2025-08-25T10:09:03Z,2025-07-23T06:44:28Z
mirzadihatti.com,12,https://www.virustotal.com/gui/domain/mirzadihatti.com,2020-05-30T04:00:00Z,2025-06-16T08:02:20Z,2026-05-30T04:00:00Z
signalpremium.com,12,https://www.virustotal.com/gui/domain/signalpremium.com,2023-09-26T20:29:30Z,2024-12-06T12:22:05Z,2024-09-26T20:29:30Z
islam-360-plus.com,7,https://www.virustotal.com/gui/domain/islam-360-plus.com,2021-11-01T09:27:05Z,2022-12-13T10:07:13Z,2022-11-01T09:27:05Z
signalpro.org,14,https://www.virustotal.com/gui/domain/signalpro.org,2025-05-23 00:00:00,2025-05-23 00:00:00,2026-05-23 00:00:00
telegram-app.tech,8,https://www.virustotal.com/gui/domain/telegram-app.tech,2024-04-30T07:05:15.0Z,2025-05-01T00:18:02.0Z,2026-04-30T23:59:59.0Z
telegram-pro.org,9,https://www.virustotal.com/gui/domain/telegram-pro.org,2021-09-08T13:14:36Z,2022-10-20T14:01:44Z,2022-09-08T13:14:36Z
weather.play-protect.com,8,https://www.virustotal.com/gui/domain/weather.play-protect.com,2021-09-02T09:11:59Z,2022-11-05T11:02:45Z,2022-09-02T09:11:59Z
gallery.play-protect.com,8,https://www.virustotal.com/gui/domain/gallery.play-protect.com,2021-09-02T09:11:59Z,2022-11-05T11:02:45Z,2022-09-02T09:11:59Z
converse-app.org,7,https://www.virustotal.com/gui/domain/converse-app.org,2021-07-23T18:36:36.24Z,2021-09-22T03:48:42.50Z,2022-07-23T18:36:36.24Z
play-protect.com,9,https://www.virustotal.com/gui/domain/play-protect.com,2021-09-02T09:11:59Z,2022-11-05T11:02:45Z,2022-09-02T09:11:59Z
youtubepremiumapp.com,12,https://www.virustotal.com/gui/domain/youtubepremiumapp.com,2022-11-04T07:00:00Z,2024-11-05T07:33:29Z,2025-11-04T07:00:00Z
telegramapppro.org,15,https://www.virustotal.com/gui/domain/telegramapppro.org,2022-12-13T11:51:25Z,2024-01-24T12:41:22Z,2023-12-13T11:51:25Z
signal-premium-app.org,6,https://www.virustotal.com/gui/domain/signal-premium-app.org,2021-10-06T06:33:32Z,2023-11-15T08:14:04Z,2023-10-06T06:33:32Z
pflix.camdvr.org,9,https://www.virustotal.com/gui/domain/pflix.camdvr.org,2017-02-02T20:52:06Z,2025-01-17T11:55:29Z,2029-02-02T20:52:06Z
app2.appvlc.com,8,https://www.virustotal.com/gui/domain/app2.appvlc.com,2021-03-12,,2022-03-12
appprotonvpn.com,14,https://www.virustotal.com/gui/domain/appprotonvpn.com,2022-05-13,2022-05-13,2024-05-13
sikhsiyasatapp.net,9,https://www.virustotal.com/gui/domain/sikhsiyasatapp.net,2021-12-31T10:41:34Z,2023-03-14T11:08:39Z,2022-12-31T10:41:34Z
www.sikhsiyasatapp.net,5,https://www.virustotal.com/gui/domain/www.sikhsiyasatapp.net,2021-12-31T10:41:34Z,2023-03-14T11:08:39Z,2022-12-31T10:41:34Z
linphone-app.com,8,https://www.virustotal.com/gui/domain/linphone-app.com,2021-10-06,2021-10-07,2022-10-06
gosignal.org,11,https://www.virustotal.com/gui/domain/gosignal.org,2022-08-08T07:00:19Z,2023-09-19T07:35:40Z,2023-08-08T07:00:19Z
appbriar.com,8,https://www.virustotal.com/gui/domain/appbriar.com,2021-03-12,2021-03-12,2022-03-12
signal-premium.org,10,https://www.virustotal.com/gui/domain/signal-premium.org,2022-02-11T09:20:42Z,2023-03-25T10:04:09Z,2023-02-11T09:20:42Z
briarapppro.org,15,https://www.virustotal.com/gui/domain/briarapppro.org,2024-05-11T17:47:14Z,2024-07-03T11:14:06Z,2029-05-11T17:47:14Z
emshedulersvc.com,12,https://www.virustotal.com/gui/domain/emshedulersvc.com,2023-08-31 00:00:00,2023-08-31 00:00:00,2024-08-31 00:00:00
diyefosterfeeds.com,14,https://www.virustotal.com/gui/domain/diyefosterfeeds.com,2024-08-12T07:50:47Z,2025-08-13T07:06:53Z,2026-08-12T07:50:47Z
m.huandocimama.com,18,https://www.virustotal.com/gui/domain/m.huandocimama.com,2023-02-21T09:10:50Z,2024-02-22T06:45:56Z,2024-02-21T09:10:50Z
botanoolifeapp.net,6,https://www.virustotal.com/gui/domain/botanoolifeapp.net,2021-11-05T21:11:56Z,2022-12-16T08:09:05Z,2022-11-05T21:11:56Z
pnptrafcroutsvc.net,8,https://www.virustotal.com/gui/domain/pnptrafcroutsvc.net,2021-02-26T09:06:05.00Z,0001-01-01T00:00:00.00Z,2022-02-26T09:06:05.00Z
ekoconect.com,9,https://www.virustotal.com/gui/domain/ekoconect.com,2024-04-17 00:00:00,2024-04-17 00:00:00,2025-04-17 00:00:00
svc2mcxwave.net,13,https://www.virustotal.com/gui/domain/svc2mcxwave.net,2019-11-14T08:22:00Z,2022-11-16T08:09:31Z,2023-11-14T08:22:00Z
nymedsvcsystems.com,9,https://www.virustotal.com/gui/domain/nymedsvcsystems.com,2022-01-03T06:23:55Z,2023-03-17T11:00:47Z,2023-01-03T06:23:55Z
rurushophoogtypnl.com,11,https://www.virustotal.com/gui/domain/rurushophoogtypnl.com,2022-11-09T19:37:40Z,2023-12-23T10:26:05Z,2023-11-09T19:37:40Z
epapbuizhost.net,8,https://www.virustotal.com/gui/domain/epapbuizhost.net,2021-09-09T06:37:00.00Z,2022-09-10T07:05:23.00Z,2022-09-09T06:37:35.00Z
maildataserver.com,4,https://www.virustotal.com/gui/domain/maildataserver.com,2022-12-07 00:00:00,2022-12-07 00:00:00,2023-12-07 00:00:00
deliverymailserver.com,4,https://www.virustotal.com/gui/domain/deliverymailserver.com,2022-12-07 00:00:00,2022-12-07 00:00:00,2023-12-07 00:00:00
slrpnlcontrlintrface.com,11,https://www.virustotal.com/gui/domain/slrpnlcontrlintrface.com,2021-08-23T09:59:02Z,2022-11-02T11:11:02Z,2022-08-23T09:59:02Z
zhaodaolajiankang.com,15,https://www.virustotal.com/gui/domain/zhaodaolajiankang.com,2021-10-20T08:32:16.00Z,2024-11-28T16:33:55.28Z,2025-10-20T08:32:16.00Z
olmajhnservice.com,12,https://www.virustotal.com/gui/domain/olmajhnservice.com,2021-08-25T10:26:35Z,2022-11-04T11:11:32Z,2022-08-25T10:26:35Z
subscribe.tomcruefrshsvc.com,14,https://www.virustotal.com/gui/domain/subscribe.tomcruefrshsvc.com,2024-04-17T04:18:06Z,2025-06-25T11:00:39Z,2025-04-17T04:18:06Z
27.136.221.82.in-addr.arpa,0,https://www.virustotal.com/gui/domain/27.136.221.82.in-addr.arpa,,2002-11,
pichostfrm.ne,0,https://www.virustotal.com/gui/domain/pichostfrm.ne,,,
otx.gxwxtvonline.com,10,https://www.virustotal.com/gui/domain/otx.gxwxtvonline.com,2020-09-01T09:14:11Z,2022-10-13T07:48:13Z,2022-09-01T09:14:11Z
pichostfrm.net,7,https://www.virustotal.com/gui/domain/pichostfrm.net,2020-03-18T09:18:19Z,2020-03-18T09:18:19Z,2021-03-18T09:18:19Z
windiagnosticsvc.net,11,https://www.virustotal.com/gui/domain/windiagnosticsvc.net,2019-10-30T06:11:02Z,2021-12-11T06:13:10Z,2021-10-30T06:11:02Z
us02web.zoom.us.coremailxt5mainjsp.com,7,https://www.virustotal.com/gui/domain/us02web.zoom.us.coremailxt5mainjsp.com,2024-04-29T10:20:52Z,2025-04-30T07:12:10Z,2025-04-29T10:20:52Z
mail-tsinghua-edu-cn.netlify.app,0,https://www.virustotal.com/gui/domain/mail-tsinghua-edu-cn.netlify.app,2018-05-08T22:48:05Z,2024-04-11T16:00:14Z,2025-05-08T22:48:05Z
jspsessionindex.com,0,https://www.virustotal.com/gui/domain/jspsessionindex.com,2021-06-09,2021-06-09,2022-06-09
hhwebmail.com,2,https://www.virustotal.com/gui/domain/hhwebmail.com,2020-12-30T20:21:03Z,2022-02-09T08:52:28Z,2021-12-30T20:21:03Z
mail-nwpu-edu-cn.netlify.app,0,https://www.virustotal.com/gui/domain/mail-nwpu-edu-cn.netlify.app,2018-05-08T22:48:05Z,2024-04-11T16:00:14Z,2025-05-08T22:48:05Z
coremailxt5mainjsp.com,8,https://www.virustotal.com/gui/domain/coremailxt5mainjsp.com,2024-04-29T10:20:52Z,2025-04-30T07:12:10Z,2025-04-29T10:20:52Z
mail.163.hhwebmail.com,1,https://www.virustotal.com/gui/domain/mail.163.hhwebmail.com,2020-12-30T20:21:03Z,2022-02-09T08:52:28Z,2021-12-30T20:21:03Z
mail-customs-gov-cn.herokuapp.com,0,https://www.virustotal.com/gui/domain/mail-customs-gov-cn.herokuapp.com,2010-09-19T05:55:31+0000,2023-08-18T09:07:43Z,2025-09-19T00:00:00+0000
maill-cnnc-com-cn.netlify.app,0,https://www.virustotal.com/gui/domain/maill-cnnc-com-cn.netlify.app,2018-05-08T22:48:05Z,2024-04-11T16:00:14Z,2025-05-08T22:48:05Z
authowawebmailgo.com,3,https://www.virustotal.com/gui/domain/authowawebmailgo.com,2021-10-15,2021-10-15,2022-10-15
msword.windowsupdate.microsoft.msn.coremailxt5mainjsp.com,6,https://www.virustotal.com/gui/domain/msword.windowsupdate.microsoft.msn.coremailxt5mainjsp.com,2024-04-29T10:20:52Z,2025-04-30T07:12:10Z,2025-04-29T10:20:52Z
gongzuosousuo.net,9,https://www.virustotal.com/gui/domain/gongzuosousuo.net,2020-09-16T12:03:39Z,2023-10-28T13:05:39Z,2023-09-16T12:03:39Z
lmhostsvc.net,9,https://www.virustotal.com/gui/domain/lmhostsvc.net,2020-10-12,2020-10-12,2021-10-12
aroundtheworld123.net,12,https://www.virustotal.com/gui/domain/aroundtheworld123.net,2024-04-17T04:18:06Z,2025-04-18T07:02:04Z,2025-04-17T04:18:06Z
btappclientsvc.net,8,https://www.virustotal.com/gui/domain/btappclientsvc.net,2024-03-25 00:00:00,2024-03-25 00:00:00,2025-03-25 00:00:00
tongbanzhichi.net,2,https://www.virustotal.com/gui/domain/tongbanzhichi.net,2019-01-04T06:36:16Z,2019-02-08T07:27:52Z,2020-01-04T06:36:16Z
healthdevicetracker.com,11,https://www.virustotal.com/gui/domain/healthdevicetracker.com,2024-04-17T04:18:06Z,2025-06-25T11:00:38Z,2025-04-17T04:18:06Z
winqrcservice.net,1,https://www.virustotal.com/gui/domain/winqrcservice.net,2019-06-13T12:17:12.00Z,0001-01-01T00:00:00.00Z,2020-06-13T12:17:12.00Z
winlocsec.ddns.net,1,https://www.virustotal.com/gui/domain/winlocsec.ddns.net,2001-06-28T16:04:59+00:00,2025-02-20T17:42:59+00:00,2027-06-28T16:04:59+00:00
mswinhostsvc.net,10,https://www.virustotal.com/gui/domain/mswinhostsvc.net,2019-06-23T10:29:28.00Z,0001-01-01T00:00:00.00Z,2020-06-23T10:29:28.00Z
zhulidailiren4winnt.net,1,https://www.virustotal.com/gui/domain/zhulidailiren4winnt.net,2019-09-03,2019-09-03,2020-09-03
johnywalter.webatu.com,8,https://www.virustotal.com/gui/domain/johnywalter.webatu.com,2009-08-26T14:35:36Z,2023-08-27T13:38:40Z,2025-08-26T14:35:36Z
victory1983.ddns.net,7,https://www.virustotal.com/gui/domain/victory1983.ddns.net,2001-06-28T16:04:59+00:00,2025-02-20T17:42:59+00:00,2027-06-28T16:04:59+00:00
marvel89.com,9,https://www.virustotal.com/gui/domain/marvel89.com,2025-01-06 00:00:00,2025-01-06 00:00:00,2026-01-06 00:00:00
sound.muzicwonder.com,8,https://www.virustotal.com/gui/domain/sound.muzicwonder.com,2021-03-25,2021-03-25,2022-03-25
sterling66.com,10,https://www.virustotal.com/gui/domain/sterling66.com,2021-03-25,2021-03-25,2022-03-25
styl.hairparker.com,9,https://www.virustotal.com/gui/domain/styl.hairparker.com,2022-12-07 00:00:00,2022-12-07 00:00:00,2023-12-07 00:00:00
a.churchill91.com,7,https://www.virustotal.com/gui/domain/a.churchill91.com,2021-03-25,2021-03-25,2022-03-25
frameworksupport.net,14,https://www.virustotal.com/gui/domain/frameworksupport.net,2023-06-14T12:54:23Z,2025-01-02T19:45:33Z,2025-06-14T12:54:23Z
destiny91.com,7,https://www.virustotal.com/gui/domain/destiny91.com,2021-03-25T04:41:35Z,2022-03-26T14:29:29Z,2022-03-25T04:41:35Z
newmysticvision.com,15,https://www.virustotal.com/gui/domain/newmysticvision.com,2021-06-12T18:52:03Z,2022-06-13T19:00:20Z,2022-06-12T18:52:03Z
font.jiangsuhost.com,8,https://www.virustotal.com/gui/domain/font.jiangsuhost.com,2021-03-25T04:41:51Z,2022-03-26T13:17:04Z,2022-03-25T04:41:51Z
woodwind71.com,10,https://www.virustotal.com/gui/domain/woodwind71.com,2021-03-25,2021-03-25,2022-03-25
xiovo416.net,6,https://www.virustotal.com/gui/domain/xiovo416.net,2021-03-23T07:32:50Z,2022-03-24T06:05:56Z,2022-03-23T07:32:50Z
thematrix.esy.es,8,https://www.virustotal.com/gui/domain/thematrix.esy.es,,,
hewle.kielsoservice.net,12,https://www.virustotal.com/gui/domain/hewle.kielsoservice.net,2020-06-10,2020-06-10,2021-06-10
chinatel90.com,9,https://www.virustotal.com/gui/domain/chinatel90.com,2021-03-25T04:41:16Z,2022-03-26T13:51:51Z,2022-03-25T04:41:16Z
mappservworldvide.16mb.com,0,https://www.virustotal.com/gui/domain/mappservworldvide.16mb.com,2002-07-16T17:15:22Z,2025-07-17T11:06:38Z,2026-07-16T17:15:22Z
mob.wirelesssolutions.mobi,9,https://www.virustotal.com/gui/domain/mob.wirelesssolutions.mobi,2021-03-25T04:41:03Z,2022-03-26T14:48:42Z,2022-03-25T04:41:03Z
stingray91.com,9,https://www.virustotal.com/gui/domain/stingray91.com,2021-03-25,2021-03-25,2022-03-25
wills.hairparker.com,10,https://www.virustotal.com/gui/domain/wills.hairparker.com,2022-12-07 00:00:00,2022-12-07 00:00:00,2023-12-07 00:00:00
wingames2015.com,10,https://www.virustotal.com/gui/domain/wingames2015.com,2021-04-05,2021-04-05,2022-04-05
marvellighter.com,10,https://www.virustotal.com/gui/domain/marvellighter.com,2022-12-07 00:00:00,2022-12-07 00:00:00,2023-12-07 00:00:00
confirm97.com,8,https://www.virustotal.com/gui/domain/confirm97.com,2021-03-25,2021-03-25,2022-03-25
styl.crrerc.com,9,https://www.virustotal.com/gui/domain/styl.crrerc.com,2021-03-25T04:41:45Z,2022-03-26T13:42:15Z,2022-03-25T04:41:45Z
aday.primeservices.mobi,6,https://www.virustotal.com/gui/domain/aday.primeservices.mobi,2006-05-11T21:08:42Z,31337-05-11T00:00:00Z,31337-05-11T00:00:00Z
nethosttalk.com,10,https://www.virustotal.com/gui/domain/nethosttalk.com,2023-08-21 00:00:00,2023-08-21 00:00:00,2024-08-21 00:00:00
thepandaservices.nsiagenthoster.net,8,https://www.virustotal.com/gui/domain/thepandaservices.nsiagenthoster.net,2021-03-25,2021-03-25,2022-03-25
red5big.com,10,https://www.virustotal.com/gui/domain/red5big.com,2021-03-25T04:41:47Z,2022-03-26T14:12:25Z,2022-03-25T04:41:47Z
spring.tulipnetworks.net,11,https://www.virustotal.com/gui/domain/spring.tulipnetworks.net,2020-06-10,2020-06-10,2021-06-10
medzone71.com,6,https://www.virustotal.com/gui/domain/medzone71.com,2021-03-25T04:41:10Z,2022-03-26T13:29:24Z,2022-03-25T04:41:10Z
healthnewsone.com,8,https://www.virustotal.com/gui/domain/healthnewsone.com,2022-02-23,2022-02-23,2023-02-23
wcnchost.ddns.net,9,https://www.virustotal.com/gui/domain/wcnchost.ddns.net,2001-06-28T16:04:59+00:00,2025-02-20T17:42:59+00:00,2027-06-28T16:04:59+00:00
hartraders.com,2,https://www.virustotal.com/gui/domain/hartraders.com,2025-05-09 00:00:00,2025-05-09 00:00:00,2026-05-09 00:00:00
pikrpro.eu,8,https://www.virustotal.com/gui/domain/pikrpro.eu,,,
jospubs.com,10,https://www.virustotal.com/gui/domain/jospubs.com,2022-02-03T04:21:33Z,2023-02-15T00:37:44Z,2024-02-03T04:21:33Z
almasoodgroup.com,5,https://www.virustotal.com/gui/domain/almasoodgroup.com,2014-01-28T11:36:13Z,2025-07-19T01:14:51Z,2026-01-28T11:36:13Z
www.inspire71.com,8,https://www.virustotal.com/gui/domain/www.inspire71.com,2023-05-13 00:00:00,2023-05-14 00:00:00,2024-05-13 00:00:00
spiralbook71.com,0,https://www.virustotal.com/gui/domain/spiralbook71.com,18-jan-2016,18-jan-2016,18-jan-2017
govsite.ddns.net,2,https://www.virustotal.com/gui/domain/govsite.ddns.net,2001-06-28T16:04:59+00:00,2025-02-20T17:42:59+00:00,2027-06-28T16:04:59+00:00
www.sportszone71.com,3,https://www.virustotal.com/gui/domain/www.sportszone71.com,2022-02-23,2022-02-23,2023-02-23
cloudupdates.servehttp.com,4,https://www.virustotal.com/gui/domain/cloudupdates.servehttp.com,2000-08-01T01:58:42+00:00,2025-02-20T17:46:02+00:00,2027-08-01T01:58:42+00:00
updateservice.redirectme.net,10,https://www.virustotal.com/gui/domain/updateservice.redirectme.net,2001-08-10T02:24:14+00:00,2024-01-22T21:44:27+00:00,2026-08-10T02:24:14+00:00
range7.com,3,https://www.virustotal.com/gui/domain/range7.com,2023-12-25T05:16:23.000Z,2023-12-25T12:52:23.169Z,2025-12-25T05:16:23.000Z
randomvalue90.com,0,https://www.virustotal.com/gui/domain/randomvalue90.com,09-mar-2016,09-mar-2016,09-mar-2017
www.queryz4u.com,2,https://www.virustotal.com/gui/domain/www.queryz4u.com,12-jan-2015,04-jan-2016,12-jan-2017
pickup.ddns.net,4,https://www.virustotal.com/gui/domain/pickup.ddns.net,2001-06-28T16:04:59+00:00,2025-02-20T17:42:59+00:00,2027-06-28T16:04:59+00:00
nexster91.com,0,https://www.virustotal.com/gui/domain/nexster91.com,05-sep-2016,05-sep-2016,05-sep-2017
ranadey.net78.net,2,https://www.virustotal.com/gui/domain/ranadey.net78.net,2008-05-28T10:05:31Z,2024-05-29T11:39:56Z,2025-05-28T10:05:31Z
info2t.com,6,https://www.virustotal.com/gui/domain/info2t.com,2016-10-24T16:40:12Z,2017-11-23T22:29:48Z,2017-10-24T16:40:12Z
micronet.no-ip.co.uk,1,https://www.virustotal.com/gui/domain/micronet.no-ip.co.uk,,,10-Nov-2026
olypath.com,11,https://www.virustotal.com/gui/domain/olypath.com,2022-01-07T20:11:07Z,2023-02-07T00:39:39Z,2023-01-07T20:11:07Z
generationp.bit,0,https://www.virustotal.com/gui/domain/generationp.bit,,,
bandtester.com,6,https://www.virustotal.com/gui/domain/bandtester.com,2022-12-07T20:40:46Z,2024-02-18T12:09:06Z,2023-12-07T20:40:46Z
vmi1528797.contaboserver.net,2,https://www.virustotal.com/gui/domain/vmi1528797.contaboserver.net,2017-03-05T07:28:42Z,2025-03-06T08:06:31Z,2026-03-05T07:28:42Z
ip72.ip-198-244-227.eu,7,https://www.virustotal.com/gui/domain/ip72.ip-198-244-227.eu,,,
irhz.me,0,https://www.virustotal.com/gui/domain/irhz.me,2022-12-23T09:18:49.00Z,0001-01-01T00:00:00.00Z,2023-12-23T09:18:49.00Z
qovm.me,0,https://www.virustotal.com/gui/domain/qovm.me,2022-12-29T08:52:18.00Z,0001-01-01T00:00:00.00Z,2023-12-29T08:52:18.00Z
nnus.me,0,https://www.virustotal.com/gui/domain/nnus.me,2022-12-29T08:52:22.00Z,0001-01-01T00:00:00.00Z,2023-12-29T08:52:22.00Z
andreispy.freeddns.org,0,https://www.virustotal.com/gui/domain/andreispy.freeddns.org,2015-04-13T04:04:25Z,2025-01-17T12:00:32Z,2030-04-13T04:04:25Z
s3.us-east-1.wasabisys.com,0,https://www.virustotal.com/gui/domain/s3.us-east-1.wasabisys.com,2017-04-07T18:13:25Z,2025-03-18T01:00:05Z,2026-04-07T18:13:25Z
lol1313515.ddns.net,0,https://www.virustotal.com/gui/domain/lol1313515.ddns.net,2001-06-28T16:04:59+00:00,2025-02-20T17:42:59+00:00,2027-06-28T16:04:59+00:00
vmi1502970.contaboserver.net,6,https://www.virustotal.com/gui/domain/vmi1502970.contaboserver.net,2017-03-05T07:28:42Z,2025-03-06T08:06:31Z,2026-03-05T07:28:42Z
www.liceback.online,9,https://www.virustotal.com/gui/domain/www.liceback.online,2024-02-13 00:00:00,2024-02-13 00:00:00,2025-02-13 00:00:00
rodiina.online,10,https://www.virustotal.com/gui/domain/rodiina.online,2024-04-21T03:30:30.0Z,2025-07-02T03:34:01.0Z,2025-04-21T23:59:59.0Z
38956-52298.pph-server.de,0,https://www.virustotal.com/gui/domain/38956-52298.pph-server.de,,2016-12-28T22:36:38+01:00,
gdpqfc.com,0,https://www.virustotal.com/gui/domain/gdpqfc.com,2022-12-23 00:00:00,2022-12-23 00:00:00,2023-12-23 00:00:00
rdze.me,0,https://www.virustotal.com/gui/domain/rdze.me,2022-12-23T09:18:44.78Z,2023-03-11T20:48:34.91Z,2023-12-23T09:18:44.78Z
juayzh.com,0,https://www.virustotal.com/gui/domain/juayzh.com,2022-12-29 00:00:00,2022-12-29 00:00:00,2023-12-29 00:00:00
cxmurm.com,0,https://www.virustotal.com/gui/domain/cxmurm.com,2022-12-23 00:00:00,2022-12-23 00:00:00,2023-12-23 00:00:00
tkvavv.com,0,https://www.virustotal.com/gui/domain/tkvavv.com,2022-12-29 00:00:00,2022-12-29 00:00:00,2023-12-29 00:00:00
degf.me,0,https://www.virustotal.com/gui/domain/degf.me,2022-12-25T23:59:03.00Z,0001-01-01T00:00:00.00Z,2023-12-25T23:59:03.00Z
vnnz.me,0,https://www.virustotal.com/gui/domain/vnnz.me,2022-12-23T09:18:47.00Z,0001-01-01T00:00:00.00Z,2023-12-23T09:18:47.00Z
yybnea.com,0,https://www.virustotal.com/gui/domain/yybnea.com,2022-12-28 00:00:00,2022-12-28 00:00:00,2023-12-28 00:00:00
uuukwq.com,0,https://www.virustotal.com/gui/domain/uuukwq.com,2022-12-24 00:00:00,2022-12-24 00:00:00,2023-12-24 00:00:00
LTHOTBK01.GFEDHA.COM,0,https://www.virustotal.com/gui/domain/LTHOTBK01.GFEDHA.COM,2015-03-16T06:33:48.00Z,2024-03-18T08:21:53.32Z,2025-03-16T06:33:48.00Z
moreoffer.life,12,https://www.virustotal.com/gui/domain/moreoffer.life,2024-08-30 00:00:00,2024-08-30 00:00:00,2025-08-30 00:00:00
me.hansang.me,8,https://www.virustotal.com/gui/domain/me.hansang.me,2021-08-02T11:49:22Z,2024-12-04T12:03:51Z,2026-08-02T11:49:22Z
jpg.mclubsearch.com,0,https://www.virustotal.com/gui/domain/jpg.mclubsearch.com,2022-02-22,2022-02-22,2023-02-22
synrwr.com,0,https://www.virustotal.com/gui/domain/synrwr.com,2022-12-23 00:00:00,2022-12-23 00:00:00,2023-12-23 00:00:00
penonj.com,0,https://www.virustotal.com/gui/domain/penonj.com,2022-12-26 00:00:00,2022-12-26 00:00:00,2023-12-26 00:00:00
ocfv.me,0,https://www.virustotal.com/gui/domain/ocfv.me,2022-12-28T09:43:17.00Z,0001-01-01T00:00:00.00Z,2023-12-28T09:43:17.00Z
cbtf.me,0,https://www.virustotal.com/gui/domain/cbtf.me,2023-01-03T07:33:27.00Z,0001-01-01T00:00:00.00Z,2024-01-03T07:33:27.00Z
obigvo.com,0,https://www.virustotal.com/gui/domain/obigvo.com,2022-12-24 00:00:00,2022-12-24 00:00:00,2023-12-24 00:00:00
LTHOT014.GFEDHA.COM,0,https://www.virustotal.com/gui/domain/LTHOT014.GFEDHA.COM,2015-03-16T06:33:48.00Z,2024-03-18T08:21:53.32Z,2025-03-16T06:33:48.00Z
cortana.webredirect.org,0,https://www.virustotal.com/gui/domain/cortana.webredirect.org,2016-07-23T19:36:46Z,2025-01-17T12:09:42Z,2030-07-23T19:36:46Z
q5n12wb16v5r.minxpool.ga,0,https://www.virustotal.com/gui/domain/q5n12wb16v5r.minxpool.ga,,,
liceback.online,11,https://www.virustotal.com/gui/domain/liceback.online,2024-02-13 00:00:00,2024-02-13 00:00:00,2025-02-13 00:00:00
jiywns.com,0,https://www.virustotal.com/gui/domain/jiywns.com,2022-12-28 00:00:00,2022-12-28 00:00:00,2023-12-28 00:00:00
qaxc.me,0,https://www.virustotal.com/gui/domain/qaxc.me,2022-12-29T08:52:26.00Z,0001-01-01T00:00:00.00Z,2023-12-29T08:52:26.00Z
mtybzj.com,0,https://www.virustotal.com/gui/domain/mtybzj.com,2022-12-29 00:00:00,2022-12-29 00:00:00,2023-12-29 00:00:00
twxbnv.com,0,https://www.virustotal.com/gui/domain/twxbnv.com,2022-12-23 00:00:00,2022-12-23 00:00:00,2023-12-23 00:00:00
fuzmuy.com,0,https://www.virustotal.com/gui/domain/fuzmuy.com,2022-12-23 00:00:00,2022-12-23 00:00:00,2023-12-23 00:00:00
zvrq.me,0,https://www.virustotal.com/gui/domain/zvrq.me,2022-12-23T09:18:43.00Z,0001-01-01T00:00:00.00Z,2023-12-23T09:18:43.00Z
uwyu.me,0,https://www.virustotal.com/gui/domain/uwyu.me,2022-12-28T09:43:17.00Z,0001-01-01T00:00:00.00Z,2023-12-28T09:43:17.00Z
black-crystal.net,9,https://www.virustotal.com/gui/domain/black-crystal.net,2021-11-18T00:22:55Z,2023-12-28T20:03:06Z,2023-11-18T00:22:55Z
progsupdate.com,6,https://www.virustotal.com/gui/domain/progsupdate.com,2023-06-27T20:05:19Z,2024-09-06T11:18:53Z,2024-06-27T20:05:19Z
onlinesoft.space,10,https://www.virustotal.com/gui/domain/onlinesoft.space,2022-06-15,2022-06-15,2023-06-15
downloadtesting.com,6,https://www.virustotal.com/gui/domain/downloadtesting.com,2022-12-07 00:00:00,2022-12-07 00:00:00,2023-12-07 00:00:00
www.rodiina.online,0,https://www.virustotal.com/gui/domain/www.rodiina.online,2024-04-21T03:30:30.0Z,2025-07-02T03:34:01.0Z,2025-04-21T23:59:59.0Z
login.liceback.online,Error,,,,
page.jcarterdev.com,11,https://www.virustotal.com/gui/domain/page.jcarterdev.com,2020-02-28T14:57:01Z,2022-01-27T17:30:51Z,2023-02-28T14:57:01Z
basementnig.ga,0,https://www.virustotal.com/gui/domain/basementnig.ga,,,
pijq.me,0,https://www.virustotal.com/gui/domain/pijq.me,2023-01-03T07:33:18.00Z,0001-01-01T00:00:00.00Z,2024-01-03T07:33:18.00Z
obbx.me,0,https://www.virustotal.com/gui/domain/obbx.me,2022-12-13T10:33:16.05Z,2023-03-11T20:50:31.90Z,2023-12-13T10:33:16.05Z
liveboxtelemetryanalytics.com,0,https://www.virustotal.com/gui/domain/liveboxtelemetryanalytics.com,2022-12-11 00:00:00,2022-12-11 00:00:00,2023-12-11 00:00:00
yybo.me,0,https://www.virustotal.com/gui/domain/yybo.me,2023-01-03T07:33:13.00Z,0001-01-01T00:00:00.00Z,2024-01-03T07:33:13.00Z
skyn3t.dynu.net,9,https://www.virustotal.com/gui/domain/skyn3t.dynu.net,2001-12-07T20:57:48Z,2025-01-12T11:59:42Z,2032-12-07T20:57:48Z
funksec53xh7j5t6ysgwnaidj5vkh3aqajanplix533kwxdz3qrwugid.onion,3,https://www.virustotal.com/gui/domain/funksec53xh7j5t6ysgwnaidj5vkh3aqajanplix533kwxdz3qrwugid.onion,,,
funksecsekgasgjqlzzkmcnutrrrafavpszijoilbd6z3dkbzvqu43id.onion,2,https://www.virustotal.com/gui/domain/funksecsekgasgjqlzzkmcnutrrrafavpszijoilbd6z3dkbzvqu43id.onion,,,
7ixfdvqb4eaju5lzj4gg76kwlrxg4ugqpuog5oqkkmgfyn33h527oyyd.onion,1,https://www.virustotal.com/gui/domain/7ixfdvqb4eaju5lzj4gg76kwlrxg4ugqpuog5oqkkmgfyn33h527oyyd.onion,,,
actualisation-service.com,14,https://www.virustotal.com/gui/domain/actualisation-service.com,2024-04-30T22:13:12Z,2025-04-16T00:39:42.371229Z,2026-04-30T22:13:12Z
blindbut.icu,14,https://www.virustotal.com/gui/domain/blindbut.icu,2025-05-14 00:00:00,2025-05-14 00:00:00,2026-05-14 00:00:00
theclientisalwaysright.com,12,https://www.virustotal.com/gui/domain/theclientisalwaysright.com,2025-08-02 00:00:00,2025-08-02 00:00:00,2026-08-02 00:00:00
ama.igboat.com,10,https://www.virustotal.com/gui/domain/ama.igboat.com,2024-12-22 00:00:00,2024-12-22 00:00:00,2025-12-22 00:00:00
ruspyc.top,18,https://www.virustotal.com/gui/domain/ruspyc.top,2023-09-01T16:00:00Z,2023-09-01T16:00:00Z,2025-09-01T16:00:00Z
topgamecheats.dev,14,https://www.virustotal.com/gui/domain/topgamecheats.dev,2025-09-03 00:00:00,2025-09-04 00:00:00,2026-09-03 00:00:00
c-cdns.top,16,https://www.virustotal.com/gui/domain/c-cdns.top,2025-07-23 00:00:00,2025-07-23 00:00:00,2026-07-23 00:00:00
loadsmods.net,15,https://www.virustotal.com/gui/domain/loadsmods.net,2025-03-19 00:00:00,2025-03-20 00:00:00,2026-03-19 00:00:00
amafiles.net,15,https://www.virustotal.com/gui/domain/amafiles.net,2025-03-19 00:00:00,2025-03-19 00:00:00,2026-03-19 00:00:00
logrecovery.com,20,https://www.virustotal.com/gui/domain/logrecovery.com,2025-06-30 00:00:00,2025-06-30 00:00:00,2026-06-30 00:00:00
pleasurecanbesafe.com,13,https://www.virustotal.com/gui/domain/pleasurecanbesafe.com,2025-07-26 00:00:00,2025-07-26 00:00:00,2026-07-26 00:00:00
krakenlpay.com,13,https://www.virustotal.com/gui/domain/krakenlpay.com,2024-08-29 00:00:00,2024-08-29 00:00:00,2025-08-29 00:00:00
amoamosss.com,15,https://www.virustotal.com/gui/domain/amoamosss.com,2024-08-18 00:00:00,2024-08-18 00:00:00,2025-08-18 00:00:00
api.garageserviceoperation.com,16,https://www.virustotal.com/gui/domain/api.garageserviceoperation.com,2024-08-02T14:54:03.00Z,0001-01-01T00:00:00.00Z,2025-08-02T14:54:03.00Z
cncdevelopment.org,11,https://www.virustotal.com/gui/domain/cncdevelopment.org,2025-09-06 00:00:00,2025-09-06 00:00:00,2026-09-06 00:00:00
o7labs.top,17,https://www.virustotal.com/gui/domain/o7labs.top,2025-08-31 00:00:00,2025-08-31 00:00:00,2026-08-31 00:00:00
second.amadgood.com,15,https://www.virustotal.com/gui/domain/second.amadgood.com,2025-05-31 00:00:00,2025-05-31 00:00:00,2026-05-31 00:00:00
cncdevelopment.boo,14,https://www.virustotal.com/gui/domain/cncdevelopment.boo,2023-09-26 00:00:00,2024-09-30 00:00:00,2025-09-26 00:00:00
ovz1.j19544519.pr46m.vps.myjino.ru,12,https://www.virustotal.com/gui/domain/ovz1.j19544519.pr46m.vps.myjino.ru,2011-10-05T12:13:51Z,2025-09-02T05:08:02Z,
www.burgerking.ru,0,https://www.virustotal.com/gui/domain/www.burgerking.ru,2010-07-28T13:43:57Z,2025-09-16T09:03:01Z,
downloads.wordpress.org,0,https://www.virustotal.com/gui/domain/downloads.wordpress.org,2003-03-28T01:07:35Z,2025-07-06T19:49:16Z,2035-03-28T01:07:35Z
audio.phil.spbu.ru,0,https://www.virustotal.com/gui/domain/audio.phil.spbu.ru,1996-10-30T10:02:15Z,2025-09-03T15:53:01Z,
photon.spbu.ru,0,https://www.virustotal.com/gui/domain/photon.spbu.ru,1996-10-30T10:02:15Z,2025-09-03T15:53:01Z,
eng.jf.spbu.ru,0,https://www.virustotal.com/gui/domain/eng.jf.spbu.ru,1996-10-30T10:02:15Z,2025-09-03T15:53:01Z,
diffjournal.spbu.ru,0,https://www.virustotal.com/gui/domain/diffjournal.spbu.ru,1996-10-30T10:02:15Z,2025-09-03T15:53:01Z,
spbu.ru,0,https://www.virustotal.com/gui/domain/spbu.ru,1996-10-30T10:02:15Z,2025-09-03T15:53:01Z,
rjll.spbu.ru,0,https://www.virustotal.com/gui/domain/rjll.spbu.ru,1996-10-30T10:02:15Z,2025-09-03T15:53:01Z,
journal.spbu.ru,0,https://www.virustotal.com/gui/domain/journal.spbu.ru,1996-10-30T10:02:15Z,2025-09-03T15:53:01Z,
publishing.spbu.ru,0,https://www.virustotal.com/gui/domain/publishing.spbu.ru,1996-10-30T10:02:15Z,2025-09-03T15:53:01Z,
historymap.spbu.ru,0,https://www.virustotal.com/gui/domain/historymap.spbu.ru,1996-10-30T10:02:15Z,2025-09-03T15:53:01Z,
sir.spbu.ru,0,https://www.virustotal.com/gui/domain/sir.spbu.ru,1996-10-30T10:02:15Z,2025-09-03T15:53:01Z,
ifea.spbu.ru,0,https://www.virustotal.com/gui/domain/ifea.spbu.ru,1996-10-30T10:02:15Z,2025-09-03T15:53:01Z,
status.it.spbu.ru,0,https://www.virustotal.com/gui/domain/status.it.spbu.ru,1996-10-30T10:02:15Z,2025-09-03T15:53:01Z,
birdeco.spbu.ru,0,https://www.virustotal.com/gui/domain/birdeco.spbu.ru,1996-10-30T10:02:15Z,2025-09-03T15:53:01Z,
english.spbu.ru,0,https://www.virustotal.com/gui/domain/english.spbu.ru,1996-10-30T10:02:15Z,2025-09-03T15:53:01Z,
philosophyjournal.spbu.ru,0,https://www.virustotal.com/gui/domain/philosophyjournal.spbu.ru,1996-10-30T10:02:15Z,2025-09-03T15:53:01Z,
biocomm.spbu.ru,0,https://www.virustotal.com/gui/domain/biocomm.spbu.ru,1996-10-30T10:02:15Z,2025-09-03T15:53:01Z,
chem.spbu.ru,0,https://www.virustotal.com/gui/domain/chem.spbu.ru,1996-10-30T10:02:15Z,2025-09-03T15:53:01Z,
russian4foreigners.spbu.ru,0,https://www.virustotal.com/gui/domain/russian4foreigners.spbu.ru,1996-10-30T10:02:15Z,2025-09-03T15:53:01Z,
cph.phys.spbu.ru,0,https://www.virustotal.com/gui/domain/cph.phys.spbu.ru,1996-10-30T10:02:15Z,2025-09-03T15:53:01Z,
campus.spbu.ru,0,https://www.virustotal.com/gui/domain/campus.spbu.ru,1996-10-30T10:02:15Z,2025-09-03T15:53:01Z,
plato.spbu.ru,0,https://www.virustotal.com/gui/domain/plato.spbu.ru,1996-10-30T10:02:15Z,2025-09-03T15:53:01Z,
rjm.spbu.ru,0,https://www.virustotal.com/gui/domain/rjm.spbu.ru,1996-10-30T10:02:15Z,2025-09-03T15:53:01Z,
escjournal.spbu.ru,0,https://www.virustotal.com/gui/domain/escjournal.spbu.ru,1996-10-30T10:02:15Z,2025-09-03T15:53:01Z,
centant.spbu.ru,0,https://www.virustotal.com/gui/domain/centant.spbu.ru,1996-10-30T10:02:15Z,2025-09-03T15:53:01Z,
philclass.spbu.ru,0,https://www.virustotal.com/gui/domain/philclass.spbu.ru,1996-10-30T10:02:15Z,2025-09-03T15:53:01Z,
actual-art.spbu.ru,0,https://www.virustotal.com/gui/domain/actual-art.spbu.ru,1996-10-30T10:02:15Z,2025-09-03T15:53:01Z,
math.spbu.ru,0,https://www.virustotal.com/gui/domain/math.spbu.ru,1996-10-30T10:02:15Z,2025-09-03T15:53:01Z,
ec2-54-65-7-247.ap-northeast-1.compute.amazonaws.com,0,https://www.virustotal.com/gui/domain/ec2-54-65-7-247.ap-northeast-1.compute.amazonaws.com,2005-08-18T02:10:45+0000,2024-01-29T18:09:26Z,2027-01-16T00:00:00+0000
ec2-57-180-68-148.ap-northeast-1.compute.amazonaws.com,0,https://www.virustotal.com/gui/domain/ec2-57-180-68-148.ap-northeast-1.compute.amazonaws.com,2005-08-18T02:10:45+0000,2024-01-29T18:09:26Z,2027-01-16T00:00:00+0000
commapi.gamemarket.kr,0,https://www.virustotal.com/gui/domain/commapi.gamemarket.kr,,,
ec2-54-150-26-198.ap-northeast-1.compute.amazonaws.com,0,https://www.virustotal.com/gui/domain/ec2-54-150-26-198.ap-northeast-1.compute.amazonaws.com,2005-08-18T02:10:45+0000,2024-01-29T18:09:26Z,2027-01-16T00:00:00+0000
ebe.jp,0,https://www.virustotal.com/gui/domain/ebe.jp,2025/04/01 01: 05:04,,
eventliferelieffund.com,0,https://www.virustotal.com/gui/domain/eventliferelieffund.com,2021-06-20,,2022-06-20
isthetitleok.com,0,https://www.virustotal.com/gui/domain/isthetitleok.com,2022-09-27T08:50:42Z,2023-09-28T07:08:13Z,2024-09-27T08:50:42Z
amp.russiadiscovery.ru,0,https://www.virustotal.com/gui/domain/amp.russiadiscovery.ru,2005-04-24T20:00:00Z,2025-08-22T07:58:01Z,
kids.lc.spbu.ru,0,https://www.virustotal.com/gui/domain/kids.lc.spbu.ru,1996-10-30T10:02:15Z,2025-09-03T15:53:01Z,
forum.spbu.ru,0,https://www.virustotal.com/gui/domain/forum.spbu.ru,1996-10-30T10:02:15Z,2025-09-03T15:53:01Z,
ngw.spbu.ru,0,https://www.virustotal.com/gui/domain/ngw.spbu.ru,1996-10-30T10:02:15Z,2025-09-03T15:53:01Z,
kz.ethnology.ru,0,https://www.virustotal.com/gui/domain/kz.ethnology.ru,2002-11-11T21:00:00Z,2025-08-07T05:33:01Z,
nuclab.spbu.ru,0,https://www.virustotal.com/gui/domain/nuclab.spbu.ru,1996-10-30T10:02:15Z,2025-09-03T15:53:01Z,
proftests.spbu.ru,0,https://www.virustotal.com/gui/domain/proftests.spbu.ru,1996-10-30T10:02:15Z,2025-09-03T15:53:01Z,
sfk.spbu.ru,0,https://www.virustotal.com/gui/domain/sfk.spbu.ru,1996-10-30T10:02:15Z,2025-09-03T15:53:01Z,
spbalrf.ru,0,https://www.virustotal.com/gui/domain/spbalrf.ru,2013-06-20T20:42:56Z,2025-07-05T23:23:01Z,
biata2020.spbu.ru,0,https://www.virustotal.com/gui/domain/biata2020.spbu.ru,1996-10-30T10:02:15Z,2025-09-03T15:53:01Z,
ktu.spbu.ru,0,https://www.virustotal.com/gui/domain/ktu.spbu.ru,1996-10-30T10:02:15Z,2025-09-03T15:53:01Z,
chebyshev.spbu.ru,0,https://www.virustotal.com/gui/domain/chebyshev.spbu.ru,1996-10-30T10:02:15Z,2025-09-03T15:53:01Z,
en.chebyshev.spbu.ru,0,https://www.virustotal.com/gui/domain/en.chebyshev.spbu.ru,1996-10-30T10:02:15Z,2025-09-03T15:53:01Z,
lc.spbu.ru,0,https://www.virustotal.com/gui/domain/lc.spbu.ru,1996-10-30T10:02:15Z,2025-09-03T15:53:01Z,
narusco.ru,0,https://www.virustotal.com/gui/domain/narusco.ru,2004-09-16T20:00:00Z,2025-09-10T21:53:01Z,
www.tinymce.zl2ja.org.nz,0,https://www.virustotal.com/gui/domain/www.tinymce.zl2ja.org.nz,2004-07-19T07:37:07Z,2024-06-23T22:52:07Z,
store.spbu.ru,0,https://www.virustotal.com/gui/domain/store.spbu.ru,1996-10-30T10:02:15Z,2025-09-03T15:53:01Z,
out-of-service.spbu.ru,0,https://www.virustotal.com/gui/domain/out-of-service.spbu.ru,1996-10-30T10:02:15Z,2025-09-03T15:53:01Z,
cnbck.playbattlegrounds.com,4,https://www.virustotal.com/gui/domain/cnbck.playbattlegrounds.com,2016-06-28T00:46:41Z,2025-05-19T20:05:27Z,2026-06-28T00:46:41Z
ec2-13-113-63-238.ap-northeast-1.compute.amazonaws.com,0,https://www.virustotal.com/gui/domain/ec2-13-113-63-238.ap-northeast-1.compute.amazonaws.com,2005-08-18T02:10:45+0000,2024-01-29T18:09:26Z,2027-01-16T00:00:00+0000
cloud01.topsite.nl,0,https://www.virustotal.com/gui/domain/cloud01.topsite.nl,1998-10-01,2025-03-26,
mail.ghanawebbers.com,0,https://www.virustotal.com/gui/domain/mail.ghanawebbers.com,2024-04-17T10:19:32Z,2025-05-05T18:12:00Z,2026-04-17T10:19:32Z
dynanalytics.biz,4,https://www.virustotal.com/gui/domain/dynanalytics.biz,2021-06-20T21:28:56.06Z,2022-05-30T13:47:50.88Z,2023-06-20T21:28:56.06Z
ec2-54-250-141-217.ap-northeast-1.compute.amazonaws.com,0,https://www.virustotal.com/gui/domain/ec2-54-250-141-217.ap-northeast-1.compute.amazonaws.com,2005-08-18T02:10:45+0000,2024-01-29T18:09:26Z,2027-01-16T00:00:00+0000
tiger-kidnapping.nl,0,https://www.virustotal.com/gui/domain/tiger-kidnapping.nl,2007-03-04,2020-02-15,
cp.prox-ima.it,0,https://www.virustotal.com/gui/domain/cp.prox-ima.it,2020-10-07 00:25:16,2020-10-07 00:25:15,
ec2-44-204-63-95.compute-1.amazonaws.com,0,https://www.virustotal.com/gui/domain/ec2-44-204-63-95.compute-1.amazonaws.com,2005-08-18T02:10:45+0000,2024-01-29T18:09:26Z,2027-01-16T00:00:00+0000
unifi.thyer.org,0,https://www.virustotal.com/gui/domain/unifi.thyer.org,2001-02-17T14:20:36Z,2022-10-26T13:42:27Z,2024-02-17T14:20:36Z
amp.cossa.ru,0,https://www.virustotal.com/gui/domain/amp.cossa.ru,2009-12-16T21:00:00Z,2025-08-22T13:38:01Z,
amp.respublica.ru,0,https://www.virustotal.com/gui/domain/amp.respublica.ru,2005-01-20T21:00:00Z,2025-07-17T09:48:01Z,
grecproject.spbu.ru,0,https://www.virustotal.com/gui/domain/grecproject.spbu.ru,1996-10-30T10:02:15Z,2025-09-03T15:53:01Z,
ec2-35-73-247-226.ap-northeast-1.compute.amazonaws.com,0,https://www.virustotal.com/gui/domain/ec2-35-73-247-226.ap-northeast-1.compute.amazonaws.com,2005-08-18T02:10:45+0000,2024-01-29T18:09:26Z,2027-01-16T00:00:00+0000
ec2-52-68-181-183.ap-northeast-1.compute.amazonaws.com,0,https://www.virustotal.com/gui/domain/ec2-52-68-181-183.ap-northeast-1.compute.amazonaws.com,2005-08-18T02:10:45+0000,2024-01-29T18:09:26Z,2027-01-16T00:00:00+0000
ec2-54-178-8-63.ap-northeast-1.compute.amazonaws.com,0,https://www.virustotal.com/gui/domain/ec2-54-178-8-63.ap-northeast-1.compute.amazonaws.com,2005-08-18T02:10:45+0000,2024-01-29T18:09:26Z,2027-01-16T00:00:00+0000
ec2-35-170-243-216.compute-1.amazonaws.com,0,https://www.virustotal.com/gui/domain/ec2-35-170-243-216.compute-1.amazonaws.com,2005-08-18T02:10:45+0000,2024-01-29T18:09:26Z,2027-01-16T00:00:00+0000
wallpapers.uniquechoice-co.com,12,https://www.virustotal.com/gui/domain/wallpapers.uniquechoice-co.com,2018-09-04T13:20:24Z,2023-10-16T13:35:42Z,2023-09-04T13:20:24Z
demand.sageyogatherapies.com,12,https://www.virustotal.com/gui/domain/demand.sageyogatherapies.com,2016-08-02T21:02:12Z,2024-10-29T01:47:35Z,2026-08-02T21:02:12Z
engine.discoveryhypnosis.com,7,https://www.virustotal.com/gui/domain/engine.discoveryhypnosis.com,2012-03-23T01:50:55Z,2024-05-17T20:00:28Z,2024-03-23T01:50:55Z
family.1ablecommunity.com,11,https://www.virustotal.com/gui/domain/family.1ablecommunity.com,2020-03-29T15:53:12Z,2025-03-14T08:38:49Z,2026-03-29T15:53:12Z
blockchain.shannongougenheim.com,14,https://www.virustotal.com/gui/domain/blockchain.shannongougenheim.com,2021-04-28T00:52:58Z,2024-06-09T09:04:17Z,2024-04-28T00:52:58Z
accountability.thefenceanddeckguys.com,9,https://www.virustotal.com/gui/domain/accountability.thefenceanddeckguys.com,2010-03-12T17:23:43Z,2025-02-25T08:44:34Z,2026-03-12T16:23:43Z
archive.vibezik.com,10,https://www.virustotal.com/gui/domain/archive.vibezik.com,2021-09-10T15:05:20Z,2025-05-27T05:02:13Z,2027-09-10T15:05:20Z
friscomusicgroup.com,14,https://www.virustotal.com/gui/domain/friscomusicgroup.com,2013-08-27T09:32:36Z,2024-08-27T16:25:35Z,2025-08-27T01:29:02Z
profit.3stepsprofit.com,7,https://www.virustotal.com/gui/domain/profit.3stepsprofit.com,2023-01-31T00:52:03Z,2025-01-30T23:41:39Z,2026-01-31T00:52:03Z
navyseal.bezmail.com,10,https://www.virustotal.com/gui/domain/navyseal.bezmail.com,2011-01-08T16:18:53Z,2025-01-05T16:48:16Z,2026-01-08T16:18:53Z
xjquery.com,17,https://www.virustotal.com/gui/domain/xjquery.com,2022-04-11T11:54:23Z,2022-04-11T13:27:13Z,2026-04-11T11:54:23Z
muse.krazzykriss.com,14,https://www.virustotal.com/gui/domain/muse.krazzykriss.com,2023-01-08T05:25:00Z,2024-12-24T08:25:06Z,2026-01-08T05:25:00Z
restructuring.breatheinnew.life,15,https://www.virustotal.com/gui/domain/restructuring.breatheinnew.life,2023-11-08T11:54:37Z,2024-12-18T14:49:17Z,2024-11-08T11:54:37Z
customer.thewayofmoney.us,17,https://www.virustotal.com/gui/domain/customer.thewayofmoney.us,2024-07-23 00:00:00,2024-07-23 00:00:00,2026-07-23 00:00:00
cruize.updogtechnologies.com,14,https://www.virustotal.com/gui/domain/cruize.updogtechnologies.com,2018-06-27T03:32:48Z,2025-06-12T08:34:19Z,2026-06-27T03:32:48Z
memorial.4tosocialprofessional.com,12,https://www.virustotal.com/gui/domain/memorial.4tosocialprofessional.com,2022-06-02T14:45:46UTC,2024-07-16T15:59:53UTC,2024-06-02T14:45:46UTC
fundraising.mystylingmylife.xyz,12,https://www.virustotal.com/gui/domain/fundraising.mystylingmylife.xyz,2022-09-03T20:24:22.0Z,2023-10-15T20:26:34.0Z,2023-09-03T23:59:59.0Z
shipwrecks.ggentile.com,12,https://www.virustotal.com/gui/domain/shipwrecks.ggentile.com,2000-02-24T01:33:36Z,2025-02-08T07:43:58Z,2026-02-24T01:33:36Z
subscribe.3gbling.com,13,https://www.virustotal.com/gui/domain/subscribe.3gbling.com,2018-02-16T14:24:13Z,2025-03-30T07:42:43Z,2025-02-16T14:24:13Z
friends.foflib.org,11,https://www.virustotal.com/gui/domain/friends.foflib.org,2013-01-27T04:41:01Z,2024-10-28T21:10:04Z,2026-01-27T04:41:01Z
mentoring.yogayield.net,10,https://www.virustotal.com/gui/domain/mentoring.yogayield.net,2021-02-19T19:52:04Z,2024-02-04T07:27:00Z,2025-02-19T19:52:04Z
toolkit.mobileautorepairmechanic.com,13,https://www.virustotal.com/gui/domain/toolkit.mobileautorepairmechanic.com,2023-04-19T14:18:09Z,2024-06-01T09:16:24Z,2024-04-19T14:18:09Z
event.coachgreb.com,15,https://www.virustotal.com/gui/domain/event.coachgreb.com,2017-06-16T22:34:23Z,2025-06-08T21:11:28Z,2026-06-16T22:34:23Z
dns1.dv.mbrd.ru,0,https://www.virustotal.com/gui/domain/dns1.dv.mbrd.ru,1996-09-21T15:16:07Z,2025-09-11T09:13:01Z,
life.judyfay.com,12,https://www.virustotal.com/gui/domain/life.judyfay.com,2014-07-31T00:19:32Z,2024-07-31T17:20:09Z,2026-07-31T00:19:32Z
685c3ad9.widget.windsorbongvape.com,8,https://www.virustotal.com/gui/domain/685c3ad9.widget.windsorbongvape.com,2017-10-16T16:11:14Z,2023-03-13T16:03:15Z,2023-10-16T16:11:14Z
promo.kingdombusinessconnections.com,12,https://www.virustotal.com/gui/domain/promo.kingdombusinessconnections.com,2018-10-15T01:36:09Z,2024-10-31T11:19:14Z,2025-10-15T01:36:09Z
ecar.allsunstates.com,14,https://www.virustotal.com/gui/domain/ecar.allsunstates.com,2022-10-05T12:03:45Z,2024-09-20T08:53:55Z,2025-10-05T12:03:45Z
houses.in-vermont.com,13,https://www.virustotal.com/gui/domain/houses.in-vermont.com,1996-03-27T05:00:00Z,2024-05-17T20:00:34Z,2024-03-28T04:00:00Z
course.netpickstrading.com,9,https://www.virustotal.com/gui/domain/course.netpickstrading.com,2018-08-23T00:26:43.00Z,2023-09-12T04:16:18.00Z,2025-08-23T00:26:43.00Z
travel.dianatokaji.com,13,https://www.virustotal.com/gui/domain/travel.dianatokaji.com,2000-01-21T03:18:07Z,2025-01-21T08:53:56Z,2026-01-21T03:18:07Z
rituals.fashionediter.com,14,https://www.virustotal.com/gui/domain/rituals.fashionediter.com,2021-11-15T13:51:08Z,2025-03-16T18:51:33Z,2025-11-15T13:51:08Z
ghost.blueecho88.com,14,https://www.virustotal.com/gui/domain/ghost.blueecho88.com,2017-11-28 00:00:00,2024-04-24 00:00:00,2025-11-28 00:00:00
amplifier.myjesusloves.me,13,https://www.virustotal.com/gui/domain/amplifier.myjesusloves.me,2020-11-18T21:28:24Z,2022-12-31T13:11:13Z,2023-11-18T21:28:24Z
premium.davidabostic.com,15,https://www.virustotal.com/gui/domain/premium.davidabostic.com,2018-12-27T00:10:19Z,2023-10-16T18:21:26Z,2025-12-27T00:10:19Z
business.mygshplus.com,15,https://www.virustotal.com/gui/domain/business.mygshplus.com,2022-12-08T19:18:05Z,2024-01-21T08:23:19Z,2023-12-08T19:18:05Z
soendorg.top,10,https://www.virustotal.com/gui/domain/soendorg.top,2025-03-10 00:00:00,,2026-03-10 00:00:00
pastor.cntcog.org,8,https://www.virustotal.com/gui/domain/pastor.cntcog.org,2007-09-09T12:03:56Z,2024-10-24T12:04:13Z,2025-09-09T12:03:56Z
mask.covidturf.com,10,https://www.virustotal.com/gui/domain/mask.covidturf.com,2020-05-06T13:20:22Z,2024-05-07T01:57:15Z,2025-05-06T13:20:22Z
progress.cashdigger.com,7,https://www.virustotal.com/gui/domain/progress.cashdigger.com,2003-02-18T00:31:36Z,2025-02-13T17:08:56Z,2026-02-18T00:31:36Z
achievements.ritagamer.com,12,https://www.virustotal.com/gui/domain/achievements.ritagamer.com,2015-05-27T00:03:11Z,2025-02-25T06:22:24Z,2026-05-26T04:00:00Z
prototype.siliconvalleyga.com,13,https://www.virustotal.com/gui/domain/prototype.siliconvalleyga.com,2025-08-02 00:00:00,2025-08-02 00:00:00,2028-08-02 00:00:00
scripts.asi.services,14,https://www.virustotal.com/gui/domain/scripts.asi.services,2014-09-26T00:34:29Z,2024-07-04T23:09:50Z,2025-09-26T00:34:29Z
books.friendsofthefolsomlibrary.org,13,https://www.virustotal.com/gui/domain/books.friendsofthefolsomlibrary.org,2005-12-29T00:43:05Z,2024-11-15T21:51:30Z,2025-12-29T00:43:05Z
casting.austinonline.shop,9,https://www.virustotal.com/gui/domain/casting.austinonline.shop,2024-05-22 00:00:00,2024-05-22 00:00:00,2025-05-22 00:00:00
ebooks.ferrelljoe.com,11,https://www.virustotal.com/gui/domain/ebooks.ferrelljoe.com,2020-07-08T20:42:01Z,2023-11-08T19:13:10Z,2027-07-08T20:42:01Z
stake.libertariancounterpoint.com,13,https://www.virustotal.com/gui/domain/stake.libertariancounterpoint.com,2019-09-20T01:04:26Z,2024-09-05T10:22:35Z,2025-09-20T01:04:26Z
circle.innovativecsportal.com,14,https://www.virustotal.com/gui/domain/circle.innovativecsportal.com,2017-01-26T17:38:00Z,2025-03-13T12:49:27Z,2026-01-26T17:38:00Z
casting.faeryfox.com,11,https://www.virustotal.com/gui/domain/casting.faeryfox.com,2017-10-03T23:28:00.00Z,2024-09-23T08:09:31.00Z,2025-10-03T23:28:03.00Z
predator.foxscalesjewelry.com,13,https://www.virustotal.com/gui/domain/predator.foxscalesjewelry.com,2019-10-25T13:27:00.00Z,2024-10-15T08:17:03.00Z,2025-10-25T13:27:48.00Z
4a464d29.schedule.newhomessection.com,0,https://www.virustotal.com/gui/domain/4a464d29.schedule.newhomessection.com,2007-01-11T06:59:36.00Z,2021-01-05T05:45:31Z,2027-01-11T06:59:36.00Z
notes.fumcpittsburg.org,9,https://www.virustotal.com/gui/domain/notes.fumcpittsburg.org,2025-01-27 00:00:00,2025-01-27 00:00:00,2026-01-27 00:00:00
prompt.zonashoppers.academy,12,https://www.virustotal.com/gui/domain/prompt.zonashoppers.academy,2021-05-29T04:00:00UTC,2022-05-31T17:26:56UTC,2027-05-29T04:00:00UTC
tube.saltminecomics.com,11,https://www.virustotal.com/gui/domain/tube.saltminecomics.com,2024-12-24 00:00:00,2024-12-24 00:00:00,2025-12-24 00:00:00
repo.allgoodsnservices.com,11,https://www.virustotal.com/gui/domain/repo.allgoodsnservices.com,2022-10-05T15:35:06Z,2024-09-20T08:53:55Z,2025-10-05T15:35:06Z
furniture.nothingordinarydesign.com,10,https://www.virustotal.com/gui/domain/furniture.nothingordinarydesign.com,2020-11-02T20:54:42Z,2023-12-15T13:39:48Z,2023-11-02T20:54:42Z
offerings.love4lifewellness.com,13,https://www.virustotal.com/gui/domain/offerings.love4lifewellness.com,2017-08-15T18:13:26Z,2025-08-16T12:31:59Z,2026-08-15T18:13:26Z
mafia.carverdesigngroup.com,11,https://www.virustotal.com/gui/domain/mafia.carverdesigngroup.com,2020-11-01T15:06:38Z,2024-10-17T08:15:33Z,2025-11-01T15:06:38Z
perspective.cdsignner.com,13,https://www.virustotal.com/gui/domain/perspective.cdsignner.com,2025-03-29 00:00:00,2025-03-29 00:00:00,2026-03-29 00:00:00
myfood.silverspringfoodproject.org,12,https://www.virustotal.com/gui/domain/myfood.silverspringfoodproject.org,2019-02-26T04:33:15Z,2025-04-12T04:33:55Z,2026-02-26T04:33:15Z
framework.rankinfiles.com,13,https://www.virustotal.com/gui/domain/framework.rankinfiles.com,2000-05-16T13:53:16Z,2025-05-01T07:39:30Z,2026-05-16T13:53:16Z
perspective.abcbarbecue.xyz,13,https://www.virustotal.com/gui/domain/perspective.abcbarbecue.xyz,2025-01-22 00:00:00,2025-01-23 00:00:00,2026-01-22 00:00:00
gybvhxu.top,2,https://www.virustotal.com/gui/domain/gybvhxu.top,2023-03-01 00:00:00,2023-03-01 00:00:00,2024-03-01 00:00:00
portable.nodirtyelectricity.com,8,https://www.virustotal.com/gui/domain/portable.nodirtyelectricity.com,2018-12-04T20:16:26Z,2024-11-19T09:18:07Z,2025-12-04T05:00:00Z
resale.adkelly.com,13,https://www.virustotal.com/gui/domain/resale.adkelly.com,2006-01-06T19:11:15Z,2024-05-17T20:00:25Z,2026-01-06T19:11:15Z
dashboard.renovationsruth.com,8,https://www.virustotal.com/gui/domain/dashboard.renovationsruth.com,2002-02-13T04:46:54Z,2025-01-28T08:03:15Z,2026-02-13T04:46:54Z
update.updatemicfosoft.com,19,https://www.virustotal.com/gui/domain/update.updatemicfosoft.com,2025-01-28 00:00:00,2025-01-28 00:00:00,2026-01-28 00:00:00
backupsharepoint.company.com,0,https://www.virustotal.com/gui/domain/backupsharepoint.company.com,1994-07-08T04:00:00Z,2025-05-31T13:19:48Z,2035-05-27T22:20:40Z
lockbitapo3wkqddx2ka7t45hejurybzzjpos4cpeliudgv35kkizrid.onion,11,https://www.virustotal.com/gui/domain/lockbitapo3wkqddx2ka7t45hejurybzzjpos4cpeliudgv35kkizrid.onion,,,
lockbitapiahy43zttdhslabjvx4q6k24xx7r33qtcvwqehmnnqxy3yd.onion,9,https://www.virustotal.com/gui/domain/lockbitapiahy43zttdhslabjvx4q6k24xx7r33qtcvwqehmnnqxy3yd.onion,,,
lockbitspyakyequybgwgwauhzqxx7ba2gh3lmlj3zyeuaknrexdzfid.onion,11,https://www.virustotal.com/gui/domain/lockbitspyakyequybgwgwauhzqxx7ba2gh3lmlj3zyeuaknrexdzfid.onion,,,
lockbitspxgtf65ej7uu5h7qtephbevcsc2sk2brxzmt754etrrzhdqd.onion,10,https://www.virustotal.com/gui/domain/lockbitspxgtf65ej7uu5h7qtephbevcsc2sk2brxzmt754etrrzhdqd.onion,,,
lockbitsptqsmaf56cmo7bieqwh5htlsfkodpahsaurxlquoz67zwrad.onion,11,https://www.virustotal.com/gui/domain/lockbitsptqsmaf56cmo7bieqwh5htlsfkodpahsaurxlquoz67zwrad.onion,,,
lockbit7ouvrsdgtojeoj5hvu6bljqtghitekwpdy3b6y62ixtsu5jqd.onion,9,https://www.virustotal.com/gui/domain/lockbit7ouvrsdgtojeoj5hvu6bljqtghitekwpdy3b6y62ixtsu5jqd.onion,,,
lockbitapp24bvbi43n3qmtfcasf2veaeagjxatgbwtxnsh5w32mljad.onion,11,https://www.virustotal.com/gui/domain/lockbitapp24bvbi43n3qmtfcasf2veaeagjxatgbwtxnsh5w32mljad.onion,,,
lockbitspudgjptrzadjzi7b4n2nw3yq6aqqqqw6wbrrjkr2ffuhkhyd.onion,12,https://www.virustotal.com/gui/domain/lockbitspudgjptrzadjzi7b4n2nw3yq6aqqqqw6wbrrjkr2ffuhkhyd.onion,,,
lockbitapyum2wks2lbcnrovcgxj7ne3ua7hhcmshh3s3ajtpookohqd.onion,11,https://www.virustotal.com/gui/domain/lockbitapyum2wks2lbcnrovcgxj7ne3ua7hhcmshh3s3ajtpookohqd.onion,,,
lockbitapyx2kr5b7ma7qn6ziwqgbrij2czhcbojuxmgnwpkgv2yx2yd.onion,12,https://www.virustotal.com/gui/domain/lockbitapyx2kr5b7ma7qn6ziwqgbrij2czhcbojuxmgnwpkgv2yx2yd.onion,,,
fmtvvg3x5rs7tagzcytmfmffnihnte6gllkljufyz534hfpqhfyg2dad.onion,1,https://www.virustotal.com/gui/domain/fmtvvg3x5rs7tagzcytmfmffnihnte6gllkljufyz534hfpqhfyg2dad.onion,,,
lockbitspxmqqfi6bw4y7f5psnpoaakhlisdx33busmnpgtimart5fad.onion,10,https://www.virustotal.com/gui/domain/lockbitspxmqqfi6bw4y7f5psnpoaakhlisdx33busmnpgtimart5fad.onion,,,
lockbit7z3hv7ev5knxbrhsvv2mmu2rddwqizdz4vwfvxt5izrq6zqqd.onion,1,https://www.virustotal.com/gui/domain/lockbit7z3hv7ev5knxbrhsvv2mmu2rddwqizdz4vwfvxt5izrq6zqqd.onion,,,
lockbit7z6f3gu6rjvrysn5gjbsqj3hk3bvsg64ns6pjldqr2xhvhsyd.onion,1,https://www.virustotal.com/gui/domain/lockbit7z6f3gu6rjvrysn5gjbsqj3hk3bvsg64ns6pjldqr2xhvhsyd.onion,,,
lockbit7z5hwf6ywfuzipoa42tjlmal3x5suuccngsamsgklww2xgyqd.onion,1,https://www.virustotal.com/gui/domain/lockbit7z5hwf6ywfuzipoa42tjlmal3x5suuccngsamsgklww2xgyqd.onion,,,
lockbit7z3ddvg5vuez2vznt73ljqgwx5tnuqaa2ye7lns742yiv2zyd.onion,1,https://www.virustotal.com/gui/domain/lockbit7z3ddvg5vuez2vznt73ljqgwx5tnuqaa2ye7lns742yiv2zyd.onion,,,
lockbit7z4cgxvictidwfxpuiov4scdw34nxotmbdjyxpkvkg34mykyd.onion,1,https://www.virustotal.com/gui/domain/lockbit7z4cgxvictidwfxpuiov4scdw34nxotmbdjyxpkvkg34mykyd.onion,,,
lockbit435xk3ki62yun7z5nhwz6jyjdp2c64j5vge536if2eny3gtid.onion,11,https://www.virustotal.com/gui/domain/lockbit435xk3ki62yun7z5nhwz6jyjdp2c64j5vge536if2eny3gtid.onion,,,
lockbit6knrauo3qafoksvl742vieqbujxw7rd6ofzdtapjb4rrawqad.onion,9,https://www.virustotal.com/gui/domain/lockbit6knrauo3qafoksvl742vieqbujxw7rd6ofzdtapjb4rrawqad.onion,,,
lockbitaa46gwjck2xzmi2xops6x4x3aqn6ez7yntitero2k7ae6yoyd.onion,1,https://www.virustotal.com/gui/domain/lockbitaa46gwjck2xzmi2xops6x4x3aqn6ez7yntitero2k7ae6yoyd.onion,,,
lockbit7z5ltrhzv46lsg447o3cx2637dloc3qt4ugd3gr2xdkkkeayd.onion,0,https://www.virustotal.com/gui/domain/lockbit7z5ltrhzv46lsg447o3cx2637dloc3qt4ugd3gr2xdkkkeayd.onion,,,
lockbit7z4k5zer5fbqi2vdq5sx2vuggatwyqvoodrkhubxftyrvncid.onion,1,https://www.virustotal.com/gui/domain/lockbit7z4k5zer5fbqi2vdq5sx2vuggatwyqvoodrkhubxftyrvncid.onion,,,
lockbit7z37ntefjdbjextn6tmdkry4j546ejnru5cejeguitiopvhad.onion,1,https://www.virustotal.com/gui/domain/lockbit7z37ntefjdbjextn6tmdkry4j546ejnru5cejeguitiopvhad.onion,,,
lockbit3olp7oetlc4tl5zydnoluphh7fvdt5oa6arcp2757r7xkutid.onion,10,https://www.virustotal.com/gui/domain/lockbit3olp7oetlc4tl5zydnoluphh7fvdt5oa6arcp2757r7xkutid.onion,,,
lockbit7z55tuwaflw2c7torcryobdvhkcgvivhflyndyvcrexafssad.onion,1,https://www.virustotal.com/gui/domain/lockbit7z55tuwaflw2c7torcryobdvhkcgvivhflyndyvcrexafssad.onion,,,
lockbit5eevg7vec4vwwtzgkl4kulap6oxbic2ye4mnmlq6njnpc47qd.onion,0,https://www.virustotal.com/gui/domain/lockbit5eevg7vec4vwwtzgkl4kulap6oxbic2ye4mnmlq6njnpc47qd.onion,,,
lockbitcuo23q7qrymbk6dsp2sadltspjvjxgcyp4elbnbr6tcnwq7qd.onion,1,https://www.virustotal.com/gui/domain/lockbitcuo23q7qrymbk6dsp2sadltspjvjxgcyp4elbnbr6tcnwq7qd.onion,,,
lockbit74beza5z3e3so7qmjnvlgoemscp7wtp33xo7xv7f7xtlqbkqd.onion,1,https://www.virustotal.com/gui/domain/lockbit74beza5z3e3so7qmjnvlgoemscp7wtp33xo7xv7f7xtlqbkqd.onion,,,
lockbit7a2g6ve7etbcy6iyizjnuleffz4szgmxaawcbfauluavi5jqd.onion,1,https://www.virustotal.com/gui/domain/lockbit7a2g6ve7etbcy6iyizjnuleffz4szgmxaawcbfauluavi5jqd.onion,,,
lockbitapt6vx57t3eeqjofwgcglmutr3a35nygvokja5uuccip4ykyd.onion,12,https://www.virustotal.com/gui/domain/lockbitapt6vx57t3eeqjofwgcglmutr3a35nygvokja5uuccip4ykyd.onion,,,
lockbit7z3azdoxdpqxzliszutufbc2fldagztdu47xyucp25p4xtqad.onion,1,https://www.virustotal.com/gui/domain/lockbit7z3azdoxdpqxzliszutufbc2fldagztdu47xyucp25p4xtqad.onion,,,
lockbit7z5ehshj6gzpetw5kso3onts6ty7wrnneya5u4aj3vzkeoaqd.onion,1,https://www.virustotal.com/gui/domain/lockbit7z5ehshj6gzpetw5kso3onts6ty7wrnneya5u4aj3vzkeoaqd.onion,,,
lockbit7z36ynytxwjzuoao46ck7b3753gpedary3qvuizn3iczhe4id.onion,1,https://www.virustotal.com/gui/domain/lockbit7z36ynytxwjzuoao46ck7b3753gpedary3qvuizn3iczhe4id.onion,,,
lockbit7z6choojah4ipvdpzzfzxxchjbecnmtn4povk6ifdvx2dpnid.onion,1,https://www.virustotal.com/gui/domain/lockbit7z6choojah4ipvdpzzfzxxchjbecnmtn4povk6ifdvx2dpnid.onion,,,
lockbit7z2jwcskxpbokpemdxmltipntwlkmidcll2qirbu7ykg46eyd.onion,2,https://www.virustotal.com/gui/domain/lockbit7z2jwcskxpbokpemdxmltipntwlkmidcll2qirbu7ykg46eyd.onion,,,
lockbit7z4ndl6thsct34yd47jrzdkpnfg3acfvpacuccb45pnars2ad.onion,1,https://www.virustotal.com/gui/domain/lockbit7z4ndl6thsct34yd47jrzdkpnfg3acfvpacuccb45pnars2ad.onion,,,
lockbit7z2mmiz3ryxafn5kapbvbbiywsxwovasfkgf5dqqp5kxlajad.onion,4,https://www.virustotal.com/gui/domain/lockbit7z2mmiz3ryxafn5kapbvbbiywsxwovasfkgf5dqqp5kxlajad.onion,,,
lockbitb42tkml3ipianjbs6e33vhcshb7oxm2stubfvdzn3y2yqgbad.onion,1,https://www.virustotal.com/gui/domain/lockbitb42tkml3ipianjbs6e33vhcshb7oxm2stubfvdzn3y2yqgbad.onion,,,
lockbit75naln4yj44rg6ez6vjmdcrt7up4kxmmmuvilcg4ak3zihxid.onion,1,https://www.virustotal.com/gui/domain/lockbit75naln4yj44rg6ez6vjmdcrt7up4kxmmmuvilcg4ak3zihxid.onion,,,
lockbit7z6dqziutocr43onmvpth32njp4abfocfauk2belljjpobxyd.onion,1,https://www.virustotal.com/gui/domain/lockbit7z6dqziutocr43onmvpth32njp4abfocfauk2belljjpobxyd.onion,,,
lockbit7z6qinyhhmibvycu5kwmcvgrbpvtztkvvmdce5zwtucaeyrqd.onion,1,https://www.virustotal.com/gui/domain/lockbit7z6qinyhhmibvycu5kwmcvgrbpvtztkvvmdce5zwtucaeyrqd.onion,,,
lockbit3753ekiocyo5epmpy6klmejchjtzddoekjlnt6mu3qh4de2id.onion,10,https://www.virustotal.com/gui/domain/lockbit3753ekiocyo5epmpy6klmejchjtzddoekjlnt6mu3qh4de2id.onion,,,
lockbit7z3ujnkhxwahhjduh5me2updvzxewhhc5qvk2snxezoi5drad.onion,1,https://www.virustotal.com/gui/domain/lockbit7z3ujnkhxwahhjduh5me2updvzxewhhc5qvk2snxezoi5drad.onion,,,
lockbit7z355oalq4hiy5p7de64l6rsqutwlvydqje56uvevcc57r6qd.onion,1,https://www.virustotal.com/gui/domain/lockbit7z355oalq4hiy5p7de64l6rsqutwlvydqje56uvevcc57r6qd.onion,,,
lockbit3g3ohd3katajf6zaehxz4h4cnhmz5t735zpltywhwpc6oy3id.onion,10,https://www.virustotal.com/gui/domain/lockbit3g3ohd3katajf6zaehxz4h4cnhmz5t735zpltywhwpc6oy3id.onion,,,
lockbit7z4bsm63m3dagp5xglyacr4z4bwytkvkkwtn6enmuo5fi5iyd.onion,1,https://www.virustotal.com/gui/domain/lockbit7z4bsm63m3dagp5xglyacr4z4bwytkvkkwtn6enmuo5fi5iyd.onion,,,
lockbit7z57mkicfkuq44j6yrpu5finwvjllczkkp2uvdedsdonjztyd.onion,0,https://www.virustotal.com/gui/domain/lockbit7z57mkicfkuq44j6yrpu5finwvjllczkkp2uvdedsdonjztyd.onion,,,
lockbit4lahhluquhoka3t4spqym2m3dhe66d6lr337glmnlgg2nndad.onion,11,https://www.virustotal.com/gui/domain/lockbit4lahhluquhoka3t4spqym2m3dhe66d6lr337glmnlgg2nndad.onion,,,
lockbit7z6rzyojiye437jp744d4uwtff7aq7df7gh2jvwqtv525c4yd.onion,1,https://www.virustotal.com/gui/domain/lockbit7z6rzyojiye437jp744d4uwtff7aq7df7gh2jvwqtv525c4yd.onion,,,
lockbit7z2og4jlsmdy7dzty3g42eu3gh2sx2b6ywtvhrjtss7li4fyd.onion,2,https://www.virustotal.com/gui/domain/lockbit7z2og4jlsmdy7dzty3g42eu3gh2sx2b6ywtvhrjtss7li4fyd.onion,,,
eraleignews.com,10,https://www.virustotal.com/gui/domain/eraleignews.com,2023-12-15T08:21:02.00Z,0001-01-01T00:00:00.00Z,2024-12-15T08:21:02.00Z
msedge-collection.net,0,https://www.virustotal.com/gui/domain/msedge-collection.net,2023-06-27T06:40:46Z,2024-05-28T03:48:06Z,2025-06-27T06:40:46Z
app-pl.com,4,https://www.virustotal.com/gui/domain/app-pl.com,2023-03-15T10:09:34.00Z,0001-01-01T00:00:00.00Z,2024-03-15T10:09:34.00Z
centos-repo.com,0,https://www.virustotal.com/gui/domain/centos-repo.com,2023-03-18T17:03:10Z,2024-03-19T07:25:20Z,2025-03-18T17:03:10Z
ms-azurelogs.com,0,https://www.virustotal.com/gui/domain/ms-azurelogs.com,2023-03-18T15:51:09.00Z,0001-01-01T00:00:00.00Z,2024-03-18T15:51:09.00Z
app-sedk.com,1,https://www.virustotal.com/gui/domain/app-sedk.com,2023-03-16 00:00:00,2023-03-16 00:00:00,2024-03-16 00:00:00
playforedream.com,0,https://www.virustotal.com/gui/domain/playforedream.com,2023-10-10 00:00:00,2023-10-10 00:00:00,2024-10-10 00:00:00
icom-se.com,0,https://www.virustotal.com/gui/domain/icom-se.com,2023-03-07 00:00:00,2023-03-10 00:00:00,2024-03-07 00:00:00
app-dkse.com,2,https://www.virustotal.com/gui/domain/app-dkse.com,2023-03-15 00:00:00,2023-03-15 00:00:00,2024-03-15 00:00:00
it-app.site,1,https://www.virustotal.com/gui/domain/it-app.site,2023-03-29 00:00:00,2023-03-29 00:00:00,2024-03-29 00:00:00
plcom-pln.com,0,https://www.virustotal.com/gui/domain/plcom-pln.com,2023-03-07T08:37:53.00Z,0001-01-01T00:00:00.00Z,2024-03-07T08:37:53.00Z
cloud-oo.com,2,https://www.virustotal.com/gui/domain/cloud-oo.com,2023-03-03T07:32:01.00Z,0001-01-01T00:00:00.00Z,2024-03-03T07:32:01.00Z
germagosuplos.ru,6,https://www.virustotal.com/gui/domain/germagosuplos.ru,2024-05-28T17:17:28Z,2025-07-30T23:03:01Z,
specvestniknuk.ru,7,https://www.virustotal.com/gui/domain/specvestniknuk.ru,2024-05-28T19:16:11Z,2025-08-04T15:03:01Z,
specvigoslik.ru,4,https://www.virustotal.com/gui/domain/specvigoslik.ru,2024-05-28T19:16:21Z,2025-08-29T05:33:01Z,
civilomicanko.ru,5,https://www.virustotal.com/gui/domain/civilomicanko.ru,2024-05-28T17:13:42Z,2025-08-30T00:43:01Z,
agropromnubilon.ru,5,https://www.virustotal.com/gui/domain/agropromnubilon.ru,2024-11-09 00:00:00,,2025-12-10 00:00:00
niconicalucans.ru,4,https://www.virustotal.com/gui/domain/niconicalucans.ru,2024-05-28T18:57:58Z,2025-09-02T02:08:01Z,
lumangilocino.ru,11,https://www.virustotal.com/gui/domain/lumangilocino.ru,2025-06-12 00:00:00,,2026-07-13 00:00:00
avicilombio.ru,9,https://www.virustotal.com/gui/domain/avicilombio.ru,2024-05-28T17:11:02Z,2025-08-23T17:08:01Z,
limanopostserver.ru,11,https://www.virustotal.com/gui/domain/limanopostserver.ru,2024-01-15T15:30:02Z,2024-07-30T23:06:30Z,
numbilonautoparts.ru,6,https://www.virustotal.com/gui/domain/numbilonautoparts.ru,2024-05-28T18:58:16Z,2025-08-07T23:18:01Z,
neverlandserver.nn.pe,5,https://www.virustotal.com/gui/domain/neverlandserver.nn.pe,,,
learndash.825testsites.com,7,https://www.virustotal.com/gui/domain/learndash.825testsites.com,2017-04-18T23:14:53Z,2025-04-15T04:43:27.854359Z,2026-04-18T23:14:53Z
viviendas8.com,10,https://www.virustotal.com/gui/domain/viviendas8.com,2012-08-25T17:07:06Z,2023-08-31T21:21:56Z,2025-08-25T17:07:06Z
i5fsxlz4tewwbxfrvr7lha33fm5rsanr5fz36f4yto4habfc2rhvjrid.onion,0,https://www.virustotal.com/gui/domain/i5fsxlz4tewwbxfrvr7lha33fm5rsanr5fz36f4yto4habfc2rhvjrid.onion,,,
rexgroup.co.uk,0,https://www.virustotal.com/gui/domain/rexgroup.co.uk,,03-Mar-2025,04-Mar-2026
fdf.org.uk,0,https://www.virustotal.com/gui/domain/fdf.org.uk,,02-Mar-2025,31-Mar-2026
apdparcel.com.au,0,https://www.virustotal.com/gui/domain/apdparcel.com.au,,,
octoso.de,0,https://www.virustotal.com/gui/domain/octoso.de,,2020-10-16T15:25:21+02:00,
2plan.com,0,https://www.virustotal.com/gui/domain/2plan.com,2002-04-21T18:29:36Z,2025-05-19T06:42:22Z,2026-07-19T01:05:15Z
lockbitapt5x4zkjbcqmz6frdhecqqgadevyiwqxukksspnlidyvd7qd.onion,9,https://www.virustotal.com/gui/domain/lockbitapt5x4zkjbcqmz6frdhecqqgadevyiwqxukksspnlidyvd7qd.onion,,,
lockbitsupo7vv5vcl3jxpsdviopwvasljqcstym6efhh6oze7c6xjad.onion,9,https://www.virustotal.com/gui/domain/lockbitsupo7vv5vcl3jxpsdviopwvasljqcstym6efhh6oze7c6xjad.onion,,,
lockbit3jx6je7tm6hhm6zzafgy6hpil3ur6jmc2a4ugan7xzztv6oqd.onion,9,https://www.virustotal.com/gui/domain/lockbit3jx6je7tm6hhm6zzafgy6hpil3ur6jmc2a4ugan7xzztv6oqd.onion,,,
lockbitsupn2h6be2cnqpvncyhj4rgmnwn44633hnzzmtxdvjoqlp7yd.onion,10,https://www.virustotal.com/gui/domain/lockbitsupn2h6be2cnqpvncyhj4rgmnwn44633hnzzmtxdvjoqlp7yd.onion,,,
lockbitsupqfyacidr6upt6nhhyipujvaablubuevxj6xy3frthvr3yd.onion,4,https://www.virustotal.com/gui/domain/lockbitsupqfyacidr6upt6nhhyipujvaablubuevxj6xy3frthvr3yd.onion,,,
lockbitsupa7e3b4pkn4mgkgojrl5iqgx24clbzc4xm7i6jeetsia3qd.onion,8,https://www.virustotal.com/gui/domain/lockbitsupa7e3b4pkn4mgkgojrl5iqgx24clbzc4xm7i6jeetsia3qd.onion,,,
lockbitaptc2iq4atewz2ise62q63wfktyrl4qtwuk5qax262kgtzjqd.onion,10,https://www.virustotal.com/gui/domain/lockbitaptc2iq4atewz2ise62q63wfktyrl4qtwuk5qax262kgtzjqd.onion,,,
lockbitapt34kvrip6xojylohhxrwsvpzdffgs5z4pbbsywnzsbdguqd.onion,9,https://www.virustotal.com/gui/domain/lockbitapt34kvrip6xojylohhxrwsvpzdffgs5z4pbbsywnzsbdguqd.onion,,,
lockbitsupdwon76nzykzblcplixwts4n4zoecugz2bxabtapqvmzqqd.onion,4,https://www.virustotal.com/gui/domain/lockbitsupdwon76nzykzblcplixwts4n4zoecugz2bxabtapqvmzqqd.onion,,,
lockbitdvbpfczc3yrs37kpp6avnrgr7yygi2f45qxvef2yqi36lpxyd.onion,6,https://www.virustotal.com/gui/domain/lockbitdvbpfczc3yrs37kpp6avnrgr7yygi2f45qxvef2yqi36lpxyd.onion,,,
lockbitov3afmxgknfhk2o5d4uqrhygd7ty3xqm56qd6zjlu6u43pgyd.onion,6,https://www.virustotal.com/gui/domain/lockbitov3afmxgknfhk2o5d4uqrhygd7ty3xqm56qd6zjlu6u43pgyd.onion,,,
lockbitaptawjl6udhpd323uehekiyatj6ftcxmkwe5sezs4fqgpjpid.onion,8,https://www.virustotal.com/gui/domain/lockbitaptawjl6udhpd323uehekiyatj6ftcxmkwe5sezs4fqgpjpid.onion,,,
lockbitsupuhswh4izvoucoxsbnotkmgq6durg7kficg6u33zfvq3oyd.onion,10,https://www.virustotal.com/gui/domain/lockbitsupuhswh4izvoucoxsbnotkmgq6durg7kficg6u33zfvq3oyd.onion,,,
lockbitapt2yfbt7lchxejug47kmqvqqxvvjpqkmevv4l3azl3gy6pyd.onion,10,https://www.virustotal.com/gui/domain/lockbitapt2yfbt7lchxejug47kmqvqqxvvjpqkmevv4l3azl3gy6pyd.onion,,,
lockbitaptbdiajqtplcrigzgdjprwugkkut63nbvy2d5r4w2agyekqd.onion,6,https://www.virustotal.com/gui/domain/lockbitaptbdiajqtplcrigzgdjprwugkkut63nbvy2d5r4w2agyekqd.onion,,,
lockbitapt72iw55njgnqpymggskg5yp75ry7rirtdg4m7i42artsbqd.onion,9,https://www.virustotal.com/gui/domain/lockbitapt72iw55njgnqpymggskg5yp75ry7rirtdg4m7i42artsbqd.onion,,,
supremecountable.us,0,https://www.virustotal.com/gui/domain/supremecountable.us,2023-02-03T11:19:35Z,2023-02-08T11:19:35Z,2024-02-03T11:19:35Z
lockbitsupxcjntihbmat4rrh7ktowips2qzywh6zer5r3xafhviyhqd.onion,9,https://www.virustotal.com/gui/domain/lockbitsupxcjntihbmat4rrh7ktowips2qzywh6zer5r3xafhviyhqd.onion,,,
lockbit3hc6syym13ki2ag5jskr6q5qa3spspjpmtfhh6fufut737zid.onion,9,https://www.virustotal.com/gui/domain/lockbit3hc6syym13ki2ag5jskr6q5qa3spspjpmtfhh6fufut737zid.onion,,,
lockbitapt2d73krlbewgv27tquljgxr33xbwwsp6rkyieto7u4ncead.onion,9,https://www.virustotal.com/gui/domain/lockbitapt2d73krlbewgv27tquljgxr33xbwwsp6rkyieto7u4ncead.onion,,,
lockbitsupt7nr3fa6e7xyb73lk6bw6rcneqhoyblniiabj4uwvzapqd.onion,10,https://www.virustotal.com/gui/domain/lockbitsupt7nr3fa6e7xyb73lk6bw6rcneqhoyblniiabj4uwvzapqd.onion,,,
poliovocalist.com,10,https://www.virustotal.com/gui/domain/poliovocalist.com,2022-12-26T09:52:31Z,2024-03-08T12:09:20Z,2023-12-26T09:52:31Z
lockbitsupq3g62dni2f36snrdb4n5qzqvovbtkt5xffw3draxk6gwqd.onion,8,https://www.virustotal.com/gui/domain/lockbitsupq3g62dni2f36snrdb4n5qzqvovbtkt5xffw3draxk6gwqd.onion,,,
ber6vjyb.com,12,https://www.virustotal.com/gui/domain/ber6vjyb.com,2023-04-10 00:00:00,2024-04-17 00:00:00,2025-04-10 00:00:00
windowservicecenter.com,11,https://www.virustotal.com/gui/domain/windowservicecenter.com,2024-06-29T18:01:40Z,2025-07-04T22:17:26Z,2026-06-29T18:01:40Z
anydeskupdates.com,11,https://www.virustotal.com/gui/domain/anydeskupdates.com,2023-04-12 00:00:00,2024-04-16 00:00:00,2025-04-12 00:00:00
winserverupdates.com,12,https://www.virustotal.com/gui/domain/winserverupdates.com,2023-04-12 00:00:00,2024-04-16 00:00:00,2025-04-12 00:00:00
windowcsupdates.com,11,https://www.virustotal.com/gui/domain/windowcsupdates.com,2023-04-12 00:00:00,2024-04-16 00:00:00,2025-04-12 00:00:00
windowservicecentar.com,13,https://www.virustotal.com/gui/domain/windowservicecentar.com,2023-04-12 00:00:00,2024-04-16 00:00:00,2025-04-12 00:00:00
netviewremote.com,11,https://www.virustotal.com/gui/domain/netviewremote.com,2023-04-12T22:18:05,2025-03-28T08:34:32,2026-04-12T22:18:05
anydeskupdate.com,13,https://www.virustotal.com/gui/domain/anydeskupdate.com,2024-06-29 00:00:00,2024-06-30 00:00:00,2025-06-29 00:00:00
windowservicecemter.com,11,https://www.virustotal.com/gui/domain/windowservicecemter.com,2023-04-12 00:00:00,2024-04-16 00:00:00,2025-04-12 00:00:00
updateservicecenter.com,14,https://www.virustotal.com/gui/domain/updateservicecenter.com,2025-05-01 00:00:00,2025-05-01 00:00:00,2026-05-01 00:00:00
study.abroad.ge,11,https://www.virustotal.com/gui/domain/study.abroad.ge,2019-12-11,,2024-12-12
sanden.com.ph,1,https://www.virustotal.com/gui/domain/sanden.com.ph,,,
vissan.com.vn,0,https://www.virustotal.com/gui/domain/vissan.com.vn,,,
lqtbg.com.cn,0,https://www.virustotal.com/gui/domain/lqtbg.com.cn,,,
stavinvest.cz,0,https://www.virustotal.com/gui/domain/stavinvest.cz,01.10.2007 10:19:47,11.11.2019 10:05:22,
regaltax.us,0,https://www.virustotal.com/gui/domain/regaltax.us,2012-11-29T21:10:20Z,2024-12-04T18:33:48Z,2026-11-28T23:59:59Z
schradercamargo.com,0,https://www.virustotal.com/gui/domain/schradercamargo.com,2006-06-29T17:32:17Z,2024-06-28T07:05:16Z,2026-06-29T17:32:17Z
stavbar.cz,0,https://www.virustotal.com/gui/domain/stavbar.cz,01.03.2004 11:35:00,03.12.2024 14:04:22,
sbr-zwiesel.de,0,https://www.virustotal.com/gui/domain/sbr-zwiesel.de,,2005-09-12T18:34:37+02:00,
ah-a.de,0,https://www.virustotal.com/gui/domain/ah-a.de,,2022-03-21T09:14:11+01:00,
monnensenpartners.be,0,https://www.virustotal.com/gui/domain/monnensenpartners.be,,,
cnachile.cl,0,https://www.virustotal.com/gui/domain/cnachile.cl,2013-09-10 19:34:33 CLST,,2034-06-20 16:20:02 CLST
orangebronze.com,10,https://www.virustotal.com/gui/domain/orangebronze.com,2023-04-10T13:05:07Z,2025-04-11T12:02:50Z,2026-04-10T13:05:07Z
info.openjdklab.xyz,9,https://www.virustotal.com/gui/domain/info.openjdklab.xyz,2022-04-01T12:07:41.0Z,2023-05-05T16:55:27.0Z,2023-04-01T23:59:59.0Z
atsaircomakhyw4x6tpd3jveci24bejsmabkdafec4cslir7wj5xglad.onion,0,https://www.virustotal.com/gui/domain/atsaircomakhyw4x6tpd3jveci24bejsmabkdafec4cslir7wj5xglad.onion,,,
bigblog.at,13,https://www.virustotal.com/gui/domain/bigblog.at,,20230120 01:30:27,
lockbitkodidilol.onion,2,https://www.virustotal.com/gui/domain/lockbitkodidilol.onion,,,
lockbitks2tvnmwk.onion,6,https://www.virustotal.com/gui/domain/lockbitks2tvnmwk.onion,,,
lockbit-blog.com,3,https://www.virustotal.com/gui/domain/lockbit-blog.com,2022-02-12T20:03:03Z,2025-02-05T06:13:58Z,2026-02-12T20:03:03Z
microsoftbackup.systems,0,https://www.virustotal.com/gui/domain/microsoftbackup.systems,2025-04-03 00:00:00,2025-04-03 00:00:00,2026-04-03 00:00:00
sarcomawmawlhov7o5mdhz4eszxxlkyaoiyiy2b5iwxnds2dmb4jakad.onion,2,https://www.virustotal.com/gui/domain/sarcomawmawlhov7o5mdhz4eszxxlkyaoiyiy2b5iwxnds2dmb4jakad.onion,,,
sarcomabwgzv7ogiulwqfmlul6mjcxy6o3owuld4lqguvevf4kgp3lqd.onion,1,https://www.virustotal.com/gui/domain/sarcomabwgzv7ogiulwqfmlul6mjcxy6o3owuld4lqguvevf4kgp3lqd.onion,,,
document.mailboxarea.cloud,16,https://www.virustotal.com/gui/domain/document.mailboxarea.cloud,2024-05-23 00:00:00,2024-05-23 00:00:00,2025-05-23 00:00:00
ex.wincorpupdates.com,10,https://www.virustotal.com/gui/domain/ex.wincorpupdates.com,2024-09-16 00:00:00,2024-09-17 00:00:00,2025-09-16 00:00:00
emails-cloud.com,10,https://www.virustotal.com/gui/domain/emails-cloud.com,2024-01-18 00:00:00,2024-01-18 00:00:00,2025-01-18 00:00:00
ss.qwadx.com,13,https://www.virustotal.com/gui/domain/ss.qwadx.com,2025-01-29 00:00:00,2025-01-29 00:00:00,2026-01-29 00:00:00
document.webmailsession.com,11,https://www.virustotal.com/gui/domain/document.webmailsession.com,2024-11-03 00:00:00,2024-11-04 00:00:00,2025-11-03 00:00:00
mosreg.docworldme.com,14,https://www.virustotal.com/gui/domain/mosreg.docworldme.com,2024-02-26T05:04:19Z,2025-03-31T11:08:14Z,2025-02-26T05:04:19Z
openpdfllc.com,14,https://www.virustotal.com/gui/domain/openpdfllc.com,2022-08-25,2022-08-28,2023-08-25
adm-govuz.com,15,https://www.virustotal.com/gui/domain/adm-govuz.com,2024-08-29 00:00:00,2024-08-29 00:00:00,2025-08-29 00:00:00
inbox.docworldme.com,14,https://www.virustotal.com/gui/domain/inbox.docworldme.com,2024-02-26T05:04:19Z,2025-03-31T11:08:14Z,2025-02-26T05:04:19Z
document.hometowncity.cloud,16,https://www.virustotal.com/gui/domain/document.hometowncity.cloud,2024-12-03 00:00:00,2024-12-03 00:00:00,2025-12-03 00:00:00
mailboxdownload.com,15,https://www.virustotal.com/gui/domain/mailboxdownload.com,2024-10-03 00:00:00,2024-10-03 00:00:00,2025-10-03 00:00:00
message.mailboxarea.cloud,15,https://www.virustotal.com/gui/domain/message.mailboxarea.cloud,2024-05-23 00:00:00,2024-05-23 00:00:00,2025-05-23 00:00:00
admin.inboxsession.info,15,https://www.virustotal.com/gui/domain/admin.inboxsession.info,2024-05-23 00:00:00,2024-05-23 00:00:00,2025-05-23 00:00:00
sss.qwadx.com,16,https://www.virustotal.com/gui/domain/sss.qwadx.com,2025-01-29 00:00:00,2025-01-29 00:00:00,2026-01-29 00:00:00
pweobmxdlboi.com,18,https://www.virustotal.com/gui/domain/pweobmxdlboi.com,2024-08-26 00:00:00,2024-08-26 00:00:00,2025-08-26 00:00:00
auth.allcloudindex.com,14,https://www.virustotal.com/gui/domain/auth.allcloudindex.com,2024-02-08T06:42:18Z,2025-04-13T11:14:00Z,2025-02-08T06:42:18Z
tagdiyn.com,0,https://www.virustotal.com/gui/domain/tagdiyn.com,2025-02-13 00:00:00,2025-02-13 00:00:00,2026-02-13 00:00:00
qwadx.com,7,https://www.virustotal.com/gui/domain/qwadx.com,2025-01-29 00:00:00,2025-01-29 00:00:00,2026-01-29 00:00:00
dabatvnews.com,0,https://www.virustotal.com/gui/domain/dabatvnews.com,2024-04-08T10:32:09Z,2025-02-25T08:16:26Z,2026-04-08T10:32:09Z
hometowncity.cloud,12,https://www.virustotal.com/gui/domain/hometowncity.cloud,2024-12-03 00:00:00,2024-12-03 00:00:00,2025-12-03 00:00:00
hidrogarnes.com,9,https://www.virustotal.com/gui/domain/hidrogarnes.com,2025-01-13 00:00:00,2025-01-13 00:00:00,2026-01-13 00:00:00
ftp.ural-info.net,0,https://www.virustotal.com/gui/domain/ftp.ural-info.net,2025-01-03 00:00:00,2025-01-03 00:00:00,2026-01-03 00:00:00
alfhjdumnsulhuehs.com,2,https://www.virustotal.com/gui/domain/alfhjdumnsulhuehs.com,2025-01-23 00:00:00,2025-01-23 00:00:00,2026-01-23 00:00:00
mail.alfhjdumnsulhuehs.com,0,https://www.virustotal.com/gui/domain/mail.alfhjdumnsulhuehs.com,2025-01-23 00:00:00,2025-01-23 00:00:00,2026-01-23 00:00:00
ftp.qwadx.com,0,https://www.virustotal.com/gui/domain/ftp.qwadx.com,2025-01-29 00:00:00,2025-01-29 00:00:00,2026-01-29 00:00:00
ftp.alfhjdumnsulhuehs.com,0,https://www.virustotal.com/gui/domain/ftp.alfhjdumnsulhuehs.com,2025-01-23 00:00:00,2025-01-23 00:00:00,2026-01-23 00:00:00
www.qwadx.com,3,https://www.virustotal.com/gui/domain/www.qwadx.com,2025-01-29 00:00:00,2025-01-29 00:00:00,2026-01-29 00:00:00
www.mqmuk.com,0,https://www.virustotal.com/gui/domain/www.mqmuk.com,2024-10-16 00:00:00,2024-10-16 00:00:00,2025-10-16 00:00:00
mqmuk.com,3,https://www.virustotal.com/gui/domain/mqmuk.com,2024-10-16 00:00:00,2024-10-16 00:00:00,2025-10-16 00:00:00
mprecisionsgrinding.com,1,https://www.virustotal.com/gui/domain/mprecisionsgrinding.com,2024-05-08 00:00:00,2024-05-08 00:00:00,2025-05-08 00:00:00
www.alfhjdumnsulhuehs.com,0,https://www.virustotal.com/gui/domain/www.alfhjdumnsulhuehs.com,2025-01-23 00:00:00,2025-01-23 00:00:00,2026-01-23 00:00:00
whispenpower.com,0,https://www.virustotal.com/gui/domain/whispenpower.com,2025-02-07 00:00:00,2025-02-07 00:00:00,2026-02-07 00:00:00
mail.qwadx.com,0,https://www.virustotal.com/gui/domain/mail.qwadx.com,2025-01-29 00:00:00,2025-01-29 00:00:00,2026-01-29 00:00:00
ftp.farzinteb.net,0,https://www.virustotal.com/gui/domain/ftp.farzinteb.net,2024-12-24 00:00:00,2024-12-24 00:00:00,2025-12-24 00:00:00
www.subseasa.com,0,https://www.virustotal.com/gui/domain/www.subseasa.com,2025-03-06 00:00:00,2025-03-06 00:00:00,2026-03-06 00:00:00
thesietch.com,0,https://www.virustotal.com/gui/domain/thesietch.com,2025-02-26 00:00:00,2025-02-27 00:00:00,2026-02-26 00:00:00
www.ural-info.net,0,https://www.virustotal.com/gui/domain/www.ural-info.net,2025-01-03 00:00:00,2025-01-03 00:00:00,2026-01-03 00:00:00
www.eaglesxv.com,0,https://www.virustotal.com/gui/domain/www.eaglesxv.com,2024-11-27 00:00:00,2024-11-27 00:00:00,2025-11-27 00:00:00
